seqPlateLoc,tip.ID,raw sequence,clean sequence,5' bases trimmed,3' bases trimmed,Final read length (bp),Database used,Rank of match,Percent ID,Accession length (BP),Accession,Scientific name,pID,Notes
F09,1C-3,,,372,448-987,410,Standard nucleotide collection,1,100%,660,OP009756.1,Lactarius rubidus,p0023,Correct for candy cap!!!
G09,1C-7,,,,,,,,,,,,,
H09,2C-1,,,,,,,,,,,,,
A10,2C-8,,,,,,,,,,,,,
B10,3C-6,,,,,,,,,,,,,
C10,1A-5,,,,,,,,,,,,,
D10,1A-2,,,,,,,,,,,,,
E10,2A-1,,,,,,,,,,,,,
F10,2A-3,,,,,,,,,,,,,
G10,3A-1,,,,,,,,,,,,,
H10,3A-11,,,,,,,,,,,,,
A11,3A-13,,,,,,,,,,,,,
B11,3A-14,,,,,,,,,,,,,
C11,1SL-12,,,,,,,,,,,,,
D11,1SL-13,,,,,,,,,,,,,
E11,2SL-1,,,,,,,,,,,,,
F11,2SL-2,,,,,,,,,,,,,
G11,2SL-4,,,,,,,,,,,,,
,,,,,,,,,,,,,,
H11,3SL-1,ANNNNNNNNNNNACTTNCTNTAGATGNCNNNNNNNTTTTTGATACGGTTGGGTTGNTGCGGTCTCTTCGCGGAGCAAGTGCTCGCTCCATAACTATGTATCTTCTCTCGTGCACCTTTTGTAGTCTTTCAAAGAAGTGATAACTCCCCGCAGCAATGCGGGTTGGGGGACTTGGGCGTGAGCCCTTCCCCTGCTTTTGCTTTTTCTGAAGGGCTATGTTTTCATATACACTATAAAGTTACAGAATGTCTTTTAAAGATTGTGCTAGTCGCAGTCATTAAACCTATACAACTTTCAGCAACGGATCTCTTGGCTCTCCCATCGATGAAGAACGCAGCGAAATGCGATAAGTAATGTGAATTGCAGAATTCAGTGAATCATCGAATCTTTGAACGCACCTTGCGCCCTTTGGTATTCCGAAGGGCATGCCTGTTTGAGTGTCATTAAATTCTCAACCCAAAAAGCTTGTACTAACTCTTTAGTGGCTTGAATGTGGGGGTTTTTGCTGGCTTCCTTCAGTGGATGGGCTGCTCCCCTTAAATACATTAGTGGAATTCTCTCGTGGACCGCCACTTGGCGTGATTAATATCTANGGGCAGCTGACTTTGAAGCAAGACTTATGGCAACCCGCTCATAACCGTCTTACGGACAACTTAATGACCATGTGGACTTAAATTAAGGAAGAATNCNCNGGGGGGACTTNAAGANNANANNNCGGGGGGGGGGGAAAAAAAAATTTAGGTTTACCNTCCCNCTAAAANGNACCCAAGTAAAACNTTAAATTTATAAATTTAAGGTTTACCTTGGGTCATTNTAGGAGGGAAGGTAAANCTTTAATTTATAAATTAAGTTTNNCCNTTCCTCTAAAAATGGACGCAAGGTCAACTTAATTTNATAAATTTAANNTTACNTGNGTCATTNNGAGGGAGGAAANGNNNACNTTANTTTATAAANTTNNNTTACNNCNCTAAAATGGACNAAGTAAACTTAAGTTNTAAANNNNGTTTACNNGGNTCNNNNNNNAGGNNNTAANNCTNNNNNAANTAGNTNCTNCTCNNAANNGNNCNANGNNNCTTNNNNAANTAANNTTACTNNNCATTNNNNNNAGNNNNNNTTANNNNNNNNNCTNNNNNNANTGNNNNNNNNANNNNNNN,CTCGCTCCATAACTATGTATCTTCTCTCGTGCACCTTTTGTAnTnTTACAAAGAAGTGATAACTCCCCGCAGCAATGCGGGTTGGGGGACTTGGGCGTGAGCCCTTCCCCTGCTTTTGCTTTTTCTGAAGGGCTATGTTTTCATATACACTATAAAGTTACAGAATGTCTTTTAAAGATTGTGCTAGTCGCAGTCATTAAACCTATACAACTTTCAGCAACGGATCTCTTGGCTCTCCCATCGATGAAGAACGCAGCGAAATGCGATAAGTAATGTGAATTGCAGAATTCAGTGAATCATCGAATCTTTGANCGCACCTTGCGCCCTTTGGTATTCCGAAGGGCATGCCTGTTTGAGTGTCATTAAATTCTCANCCCNAAAANCTTGTACTANCTCNNTAGTGGCTTGAATGTGGGGGTTTTTGCTGGCTTCCTTCAGTGGATGGNCTGCTCCCCTTAAATACATTAGTG,0-79,551-1153,470,nucleotide collection,1,95.96,831,HF675267.1,Mycena,,"sequence messy. Accession is ""unclutured"""
H11,3SL-1,ANNNNNNNNNNNACTTNCTNTAGATGNCNNNNNNNTTTTTGATACGGTTGGGTTGNTGCGGTCTCTTCGCGGAGCAAGTGCTCGCTCCATAACTATGTATCTTCTCTCGTGCACCTTTTGTAGTCTTTCAAAGAAGTGATAACTCCCCGCAGCAATGCGGGTTGGGGGACTTGGGCGTGAGCCCTTCCCCTGCTTTTGCTTTTTCTGAAGGGCTATGTTTTCATATACACTATAAAGTTACAGAATGTCTTTTAAAGATTGTGCTAGTCGCAGTCATTAAACCTATACAACTTTCAGCAACGGATCTCTTGGCTCTCCCATCGATGAAGAACGCAGCGAAATGCGATAAGTAATGTGAATTGCAGAATTCAGTGAATCATCGAATCTTTGAACGCACCTTGCGCCCTTTGGTATTCCGAAGGGCATGCCTGTTTGAGTGTCATTAAATTCTCAACCCAAAAAGCTTGTACTAACTCTTTAGTGGCTTGAATGTGGGGGTTTTTGCTGGCTTCCTTCAGTGGATGGGCTGCTCCCCTTAAATACATTAGTGGAATTCTCTCGTGGACCGCCACTTGGCGTGATTAATATCTANGGGCAGCTGACTTTGAAGCAAGACTTATGGCAACCCGCTCATAACCGTCTTACGGACAACTTAATGACCATGTGGACTTAAATTAAGGAAGAATNCNCNGGGGGGACTTNAAGANNANANNNCGGGGGGGGGGGAAAAAAAAATTTAGGTTTACCNTCCCNCTAAAANGNACCCAAGTAAAACNTTAAATTTATAAATTTAAGGTTTACCTTGGGTCATTNTAGGAGGGAAGGTAAANCTTTAATTTATAAATTAAGTTTNNCCNTTCCTCTAAAAATGGACGCAAGGTCAACTTAATTTNATAAATTTAANNTTACNTGNGTCATTNNGAGGGAGGAAANGNNNACNTTANTTTATAAANTTNNNTTACNNCNCTAAAATGGACNAAGTAAACTTAAGTTNTAAANNNNGTTTACNNGGNTCNNNNNNNAGGNNNTAANNCTNNNNNAANTAGNTNCTNCTCNNAANNGNNCNANGNNNCTTNNNNAANTAANNTTACTNNNCATTNNNNNNAGNNNNNNTTANNNNNNNNNCTNNNNNNANTGNNNNNNNNANNNNNNN,CTCGCTCCATAACTATGTATCTTCTCTCGTGCACCTTTTGTAnTnTTACAAAGAAGTGATAACTCCCCGCAGCAATGCGGGTTGGGGGACTTGGGCGTGAGCCCTTCCCCTGCTTTTGCTTTTTCTGAAGGGCTATGTTTTCATATACACTATAAAGTTACAGAATGTCTTTTAAAGATTGTGCTAGTCGCAGTCATTAAACCTATACAACTTTCAGCAACGGATCTCTTGGCTCTCCCATCGATGAAGAACGCAGCGAAATGCGATAAGTAATGTGAATTGCAGAATTCAGTGAATCATCGAATCTTTGANCGCACCTTGCGCCCTTTGGTATTCCGAAGGGCATGCCTGTTTGAGTGTCATTAAATTCTCANCCCNAAAANCTTGTACTANCTCNNTAGTGGCTTGAATGTGGGGGTTTTTGCTGGCTTCCTTCAGTGGATGGNCTGCTCCCCTTAAATACATTAGTG,0-79,551-1153,470,nucleotide collection,4,95.74,833,OR939793.1,Mycena,,"sequence messy. Accession is from ""Mycena sp. isolate"""
H11,3SL-1,ANNNNNNNNNNNACTTNCTNTAGATGNCNNNNNNNTTTTTGATACGGTTGGGTTGNTGCGGTCTCTTCGCGGAGCAAGTGCTCGCTCCATAACTATGTATCTTCTCTCGTGCACCTTTTGTAGTCTTTCAAAGAAGTGATAACTCCCCGCAGCAATGCGGGTTGGGGGACTTGGGCGTGAGCCCTTCCCCTGCTTTTGCTTTTTCTGAAGGGCTATGTTTTCATATACACTATAAAGTTACAGAATGTCTTTTAAAGATTGTGCTAGTCGCAGTCATTAAACCTATACAACTTTCAGCAACGGATCTCTTGGCTCTCCCATCGATGAAGAACGCAGCGAAATGCGATAAGTAATGTGAATTGCAGAATTCAGTGAATCATCGAATCTTTGAACGCACCTTGCGCCCTTTGGTATTCCGAAGGGCATGCCTGTTTGAGTGTCATTAAATTCTCAACCCAAAAAGCTTGTACTAACTCTTTAGTGGCTTGAATGTGGGGGTTTTTGCTGGCTTCCTTCAGTGGATGGGCTGCTCCCCTTAAATACATTAGTGGAATTCTCTCGTGGACCGCCACTTGGCGTGATTAATATCTANGGGCAGCTGACTTTGAAGCAAGACTTATGGCAACCCGCTCATAACCGTCTTACGGACAACTTAATGACCATGTGGACTTAAATTAAGGAAGAATNCNCNGGGGGGACTTNAAGANNANANNNCGGGGGGGGGGGAAAAAAAAATTTAGGTTTACCNTCCCNCTAAAANGNACCCAAGTAAAACNTTAAATTTATAAATTTAAGGTTTACCTTGGGTCATTNTAGGAGGGAAGGTAAANCTTTAATTTATAAATTAAGTTTNNCCNTTCCTCTAAAAATGGACGCAAGGTCAACTTAATTTNATAAATTTAANNTTACNTGNGTCATTNNGAGGGAGGAAANGNNNACNTTANTTTATAAANTTNNNTTACNNCNCTAAAATGGACNAAGTAAACTTAAGTTNTAAANNNNGTTTACNNGGNTCNNNNNNNAGGNNNTAANNCTNNNNNAANTAGNTNCTNCTCNNAANNGNNCNANGNNNCTTNNNNAANTAANNTTACTNNNCATTNNNNNNAGNNNNNNTTANNNNNNNNNCTNNNNNNANTGNNNNNNNNANNNNNNN,CTCGCTCCATAACTATGTATCTTCTCTCGTGCACCTTTTGTAnTnTTACAAAGAAGTGATAACTCCCCGCAGCAATGCGGGTTGGGGGACTTGGGCGTGAGCCCTTCCCCTGCTTTTGCTTTTTCTGAAGGGCTATGTTTTCATATACACTATAAAGTTACAGAATGTCTTTTAAAGATTGTGCTAGTCGCAGTCATTAAACCTATACAACTTTCAGCAACGGATCTCTTGGCTCTCCCATCGATGAAGAACGCAGCGAAATGCGATAAGTAATGTGAATTGCAGAATTCAGTGAATCATCGAATCTTTGANCGCACCTTGCGCCCTTTGGTATTCCGAAGGGCATGCCTGTTTGAGTGTCATTAAATTCTCANCCCNAAAANCTTGTACTANCTCNNTAGTGGCTTGAATGTGGGGGTTTTTGCTGGCTTCCTTCAGTGGATGGNCTGCTCCCCTTAAATACATTAGTG,0-79,551-1153,470,nucleotide collection,7,95.75,757,HQ157912.1,Mycena,,"sequence messy. Accession is from ""Mycena sp. GK-2010"""
,,,,,,,,,,,,,,
A12,3SL-5,,,,,,,,,,,,,
B12,3SL-15,,,,,,,,,,,,,
C12,1SP-3,,,,,,,,,,,,,
,,,,,,,,,,,,,,
D12,2SP-8,NNNNNNNNNNNNGNAGGTGACCTGCGGNGGTCATTACTGAGTTGTCGACACGAGTTGTTGCTGGTCCTCAAACTGGGGGCATGTGCACGCTCTGTTCACACATCCACTCACACCTGTGCACCCTCCGTAGTTCTATGGTCTGGGGGACGCACCGTCCTCCTCCTGTAGTTCTATGTCTTTACACATACACCGTAGTGAAGTCTTATGGAATGTGCATCGCGTTTAACGCAATACAATACAACTTTCAGCAACGGATCTCTTGGCTCTCGCATCGATGAAGAACGCAGCGAAATGCGATAAGTAATGTGAATTGCAGAATTCAGTGAATCATCGAATCTTTGAACGCACCTTGCGCCCCTTGGCTATTCCGAGGGGCATGCCTGTTTGAGTATCATGAACACCTCAACTCTCATGGTTCGCCATGATGAGCTTGGACTTTGGGGGCTTGGTGGCCCAAGGTCCACTCCCCCCCAACAAATTAACCTGGCAAGGGTTGGTGGGATTACAAGGGGTAAAACTAATTAAGGTTTGGGGTTGCCCACAAGTAAACCTCAACAAAGAGGGGGGTTGTTGGGGAGCTCAAAAAAAGGCTTTTCCCTCAGGAAGAACAGTTTTTGAAAGGTCGATCTCCAATTCAGGAAGAACTACCCGTTAAACTAAGNNNNAGGGGGGGGGGGNNNNNGATTNTTTTTTTNNGGGCCCCCCAAAAACCCNNNTTTTTTGTGAAATGACCCTGGGGGGNCAAACCCACAAGGGGGGAAATTTTTTCCCACCCCTCTGTGGGTGGGCCCACCAAAACACCCTTGGGGAGAGTTTTTTTTTTTAGGAAGGGGGGTTTANNCCNAAAGGCCCANACACCCCCCCCACANCCCCATTTTTTTTTTNNGGGGGGAAAAAAATATAGGTGGGGGGTGGTATTATNCCTAAAAAANTGCTCTCCCCNCCTCTAANNNNGGGGGGGGGGGGGGGGGGGGGGGNNNNANTNAN,cGtAGGTGACCTGCGGNGGnCATTACTGAGTTGTCGACACGAGTTGTTGCTGGTCCTCAAACTGGGGGCATGTGCACGCTCTGTTCACACATCCACTCACACCTGTGCACCCTCCGTAGTTCTATGGTCTGGGGGACGCACCGTCCTCCTCCTGTAGTTCTATGTCTTTACACATACACCGTAGTGAAGTCTTATGGAATGTGCATCGCGTTTAACGCAATACAATACAACTTTCAGCAACGGATCTCTTGGCTCTCGCATCGATGAAGAACGCAGCGAAATGCGATAAGTAATGTGAATTGCAGAATTCAGTGAATCATCGAATCTTTGAACGCACCTTGCGCCCCTTGGCTATTCCGAGGGGCATGCCTGTTTGAGTATCATGAACACCTCAACTCTCATGGTTCGCCATGATGAGCTTGGACTTTGGGGGCTTG,0-13,448-987,372,nucleotide collection,1,98.63,516,AM231801.1,uncultured ectomycorrhizal fungus,,
D12,2SP-8,NNNNNNNNNNNNGNAGGTGACCTGCGGNGGTCATTACTGAGTTGTCGACACGAGTTGTTGCTGGTCCTCAAACTGGGGGCATGTGCACGCTCTGTTCACACATCCACTCACACCTGTGCACCCTCCGTAGTTCTATGGTCTGGGGGACGCACCGTCCTCCTCCTGTAGTTCTATGTCTTTACACATACACCGTAGTGAAGTCTTATGGAATGTGCATCGCGTTTAACGCAATACAATACAACTTTCAGCAACGGATCTCTTGGCTCTCGCATCGATGAAGAACGCAGCGAAATGCGATAAGTAATGTGAATTGCAGAATTCAGTGAATCATCGAATCTTTGAACGCACCTTGCGCCCCTTGGCTATTCCGAGGGGCATGCCTGTTTGAGTATCATGAACACCTCAACTCTCATGGTTCGCCATGATGAGCTTGGACTTTGGGGGCTTGGTGGCCCAAGGTCCACTCCCCCCCAACAAATTAACCTGGCAAGGGTTGGTGGGATTACAAGGGGTAAAACTAATTAAGGTTTGGGGTTGCCCACAAGTAAACCTCAACAAAGAGGGGGGTTGTTGGGGAGCTCAAAAAAAGGCTTTTCCCTCAGGAAGAACAGTTTTTGAAAGGTCGATCTCCAATTCAGGAAGAACTACCCGTTAAACTAAGNNNNAGGGGGGGGGGGNNNNNGATTNTTTTTTTNNGGGCCCCCCAAAAACCCNNNTTTTTTGTGAAATGACCCTGGGGGGNCAAACCCACAAGGGGGGAAATTTTTTCCCACCCCTCTGTGGGTGGGCCCACCAAAACACCCTTGGGGAGAGTTTTTTTTTTTAGGAAGGGGGGTTTANNCCNAAAGGCCCANACACCCCCCCCACANCCCCATTTTTTTTTTNNGGGGGGAAAAAAATATAGGTGGGGGGTGGTATTATNCCTAAAAAANTGCTCTCCCCNCCTCTAANNNNGGGGGGGGGGGGGGGGGGGGGGGNNNNANTNAN,cGtAGGTGACCTGCGGNGGnCATTACTGAGTTGTCGACACGAGTTGTTGCTGGTCCTCAAACTGGGGGCATGTGCACGCTCTGTTCACACATCCACTCACACCTGTGCACCCTCCGTAGTTCTATGGTCTGGGGGACGCACCGTCCTCCTCCTGTAGTTCTATGTCTTTACACATACACCGTAGTGAAGTCTTATGGAATGTGCATCGCGTTTAACGCAATACAATACAACTTTCAGCAACGGATCTCTTGGCTCTCGCATCGATGAAGAACGCAGCGAAATGCGATAAGTAATGTGAATTGCAGAATTCAGTGAATCATCGAATCTTTGAACGCACCTTGCGCCCCTTGGCTATTCCGAGGGGCATGCCTGTTTGAGTATCATGAACACCTCAACTCTCATGGTTCGCCATGATGAGCTTGGACTTTGGGGGCTTG,0-13,448-987,372,nucleotide collection,2,98.81,575,GU184088.1,Tomentella,,
D12,2SP-8,NNNNNNNNNNNNGNAGGTGACCTGCGGNGGTCATTACTGAGTTGTCGACACGAGTTGTTGCTGGTCCTCAAACTGGGGGCATGTGCACGCTCTGTTCACACATCCACTCACACCTGTGCACCCTCCGTAGTTCTATGGTCTGGGGGACGCACCGTCCTCCTCCTGTAGTTCTATGTCTTTACACATACACCGTAGTGAAGTCTTATGGAATGTGCATCGCGTTTAACGCAATACAATACAACTTTCAGCAACGGATCTCTTGGCTCTCGCATCGATGAAGAACGCAGCGAAATGCGATAAGTAATGTGAATTGCAGAATTCAGTGAATCATCGAATCTTTGAACGCACCTTGCGCCCCTTGGCTATTCCGAGGGGCATGCCTGTTTGAGTATCATGAACACCTCAACTCTCATGGTTCGCCATGATGAGCTTGGACTTTGGGGGCTTGGTGGCCCAAGGTCCACTCCCCCCCAACAAATTAACCTGGCAAGGGTTGGTGGGATTACAAGGGGTAAAACTAATTAAGGTTTGGGGTTGCCCACAAGTAAACCTCAACAAAGAGGGGGGTTGTTGGGGAGCTCAAAAAAAGGCTTTTCCCTCAGGAAGAACAGTTTTTGAAAGGTCGATCTCCAATTCAGGAAGAACTACCCGTTAAACTAAGNNNNAGGGGGGGGGGGNNNNNGATTNTTTTTTTNNGGGCCCCCCAAAAACCCNNNTTTTTTGTGAAATGACCCTGGGGGGNCAAACCCACAAGGGGGGAAATTTTTTCCCACCCCTCTGTGGGTGGGCCCACCAAAACACCCTTGGGGAGAGTTTTTTTTTTTAGGAAGGGGGGTTTANNCCNAAAGGCCCANACACCCCCCCCACANCCCCATTTTTTTTTTNNGGGGGGAAAAAAATATAGGTGGGGGGTGGTATTATNCCTAAAAAANTGCTCTCCCCNCCTCTAANNNNGGGGGGGGGGGGGGGGGGGGGGGNNNNANTNAN,cGtAGGTGACCTGCGGNGGnCATTACTGAGTTGTCGACACGAGTTGTTGCTGGTCCTCAAACTGGGGGCATGTGCACGCTCTGTTCACACATCCACTCACACCTGTGCACCCTCCGTAGTTCTATGGTCTGGGGGACGCACCGTCCTCCTCCTGTAGTTCTATGTCTTTACACATACACCGTAGTGAAGTCTTATGGAATGTGCATCGCGTTTAACGCAATACAATACAACTTTCAGCAACGGATCTCTTGGCTCTCGCATCGATGAAGAACGCAGCGAAATGCGATAAGTAATGTGAATTGCAGAATTCAGTGAATCATCGAATCTTTGAACGCACCTTGCGCCCCTTGGCTATTCCGAGGGGCATGCCTGTTTGAGTATCATGAACACCTCAACTCTCATGGTTCGCCATGATGAGCTTGGACTTTGGGGGCTTG,0-13,448-987,372,nucleotide collection,5,100,641,U92537.1,Tomentella sp. LT97,,
E12,2SP-19,NNNNNNGNNTNNGTAGGTGACCTGCGGAGNGANNTTACCGAGTTCATGCCCTTACGGGTAGACCTCCCACCCTATGTTATCACTACCTTTGTTGCTTTGGCGGGCCGCCAGGCTTCGGTCAGGCTATCGGCTTCGGCTGGTAAGCGCCCGCCAGAGGACCCCAACATCCTGATTATTAGTGTCGTCTGAGTACTATGTAATAGTTAAAACTTTCAACAACGGATCTCTTGGTTCTGGCATCGATGAAGAACGCAGCGAAATGCGATAAGTAATGTGAATTGCAGAATTCAGTGAATCATCGAATCTTTGAACGCACATTGCGCCCCTTGGTATTCCGAGGGGCATGCCTGTTCGAGCGTCATTACAACCCTTCAAGCATTGCTTGGTGTTGGGCTCCGCTGCTCACCCAGCGGGCCTTAAAATCAGTGGCGGTGCCGTCGGGCCCTGAGCGCAGTAAATATCCTCGCTACAGGGACCCGGTGGACGCTGGCCATCAACCCCTCACTTTCTAAGTTTGACCTCGGATCAGGTAGGGATACCCGCTGAACTTAAGCTCANGGGGGGGNNCCANGTGNGGNGNNNCCGGGAAAAAGAANAAGGAGTTTGATCAAAAACGGGAGGGGAAAAATTGTAGCTCCGNCAAGGAATGGGGGTGGGGGGGGGAGTTAAATCCCCGCTGANTTGGAAGAATAGAATAGAGGGGGAAGAATTTTAGCTATTTAAGGAGGTGTC,CATTACCGAGTTCATGCCCTTACGGGTAGACCTCCCACCCTATGTTATCACTACCTTTGTTGCTTTGGCGGGCCGCCAGGCTTCGGTCAGGCTATCGGCTTCGGCTGGTAAGCGCCCGCCAGAGGACCCCAACATCCTGATTATTAGTGTCGTCTGAGTACTATGTAATAGTTAAAACTTTCAACAACGGATCTCTTGGTTCTGGCATCGATGAAGAACGCAGCGAAATGCGATAAGTAATGTGAATTGCAGAATTCAGTGAATCATCGAATCTTTGAACGCACATTGCGCCCCTTGGTATTCCGAGGGGCATGCCTGTTCGAGCGTCATTACAACCCTTCAAGCATTGCTTGGTGTTGGGCTCCGCTGCTCACCCAGCGGGCCTTAAAATCAGTGGCGGTGCCGTCGGGCCCTGAGCGCAGTAAATATCCTCGCTACAGGGACCCGGTGGACGCTGGCCATCAACCCCTCACTTTCTAAGTTTGACCTCGGATCAGGTAGGGATACCCGCTGAACTTAAGCT,0-33,556-732,523,nucleotide collection,1,99.81,700,FJ440904.1,Hyaloscyphaceae,,
E12,2SP-20,NNNNNNGNNTNNGTAGGTGACCTGCGGAGNGANNTTACCGAGTTCATGCCCTTACGGGTAGACCTCCCACCCTATGTTATCACTACCTTTGTTGCTTTGGCGGGCCGCCAGGCTTCGGTCAGGCTATCGGCTTCGGCTGGTAAGCGCCCGCCAGAGGACCCCAACATCCTGATTATTAGTGTCGTCTGAGTACTATGTAATAGTTAAAACTTTCAACAACGGATCTCTTGGTTCTGGCATCGATGAAGAACGCAGCGAAATGCGATAAGTAATGTGAATTGCAGAATTCAGTGAATCATCGAATCTTTGAACGCACATTGCGCCCCTTGGTATTCCGAGGGGCATGCCTGTTCGAGCGTCATTACAACCCTTCAAGCATTGCTTGGTGTTGGGCTCCGCTGCTCACCCAGCGGGCCTTAAAATCAGTGGCGGTGCCGTCGGGCCCTGAGCGCAGTAAATATCCTCGCTACAGGGACCCGGTGGACGCTGGCCATCAACCCCTCACTTTCTAAGTTTGACCTCGGATCAGGTAGGGATACCCGCTGAACTTAAGCTCANGGGGGGGNNCCANGTGNGGNGNNNCCGGGAAAAAGAANAAGGAGTTTGATCAAAAACGGGAGGGGAAAAATTGTAGCTCCGNCAAGGAATGGGGGTGGGGGGGGGAGTTAAATCCCCGCTGANTTGGAAGAATAGAATAGAGGGGGAAGAATTTTAGCTATTTAAGGAGGTGTC,CATTACCGAGTTCATGCCCTTACGGGTAGACCTCCCACCCTATGTTATCACTACCTTTGTTGCTTTGGCGGGCCGCCAGGCTTCGGTCAGGCTATCGGCTTCGGCTGGTAAGCGCCCGCCAGAGGACCCCAACATCCTGATTATTAGTGTCGTCTGAGTACTATGTAATAGTTAAAACTTTCAACAACGGATCTCTTGGTTCTGGCATCGATGAAGAACGCAGCGAAATGCGATAAGTAATGTGAATTGCAGAATTCAGTGAATCATCGAATCTTTGAACGCACATTGCGCCCCTTGGTATTCCGAGGGGCATGCCTGTTCGAGCGTCATTACAACCCTTCAAGCATTGCTTGGTGTTGGGCTCCGCTGCTCACCCAGCGGGCCTTAAAATCAGTGGCGGTGCCGTCGGGCCCTGAGCGCAGTAAATATCCTCGCTACAGGGACCCGGTGGACGCTGGCCATCAACCCCTCACTTTCTAAGTTTGACCTCGGATCAGGTAGGGATACCCGCTGAACTTAAGCT,0-33,556-732,523,nucleotide collection,3,99.24,587,GU184034.1,Pezizomycotina,,
E12,2SP-21,NNNNNNGNNTNNGTAGGTGACCTGCGGAGNGANNTTACCGAGTTCATGCCCTTACGGGTAGACCTCCCACCCTATGTTATCACTACCTTTGTTGCTTTGGCGGGCCGCCAGGCTTCGGTCAGGCTATCGGCTTCGGCTGGTAAGCGCCCGCCAGAGGACCCCAACATCCTGATTATTAGTGTCGTCTGAGTACTATGTAATAGTTAAAACTTTCAACAACGGATCTCTTGGTTCTGGCATCGATGAAGAACGCAGCGAAATGCGATAAGTAATGTGAATTGCAGAATTCAGTGAATCATCGAATCTTTGAACGCACATTGCGCCCCTTGGTATTCCGAGGGGCATGCCTGTTCGAGCGTCATTACAACCCTTCAAGCATTGCTTGGTGTTGGGCTCCGCTGCTCACCCAGCGGGCCTTAAAATCAGTGGCGGTGCCGTCGGGCCCTGAGCGCAGTAAATATCCTCGCTACAGGGACCCGGTGGACGCTGGCCATCAACCCCTCACTTTCTAAGTTTGACCTCGGATCAGGTAGGGATACCCGCTGAACTTAAGCTCANGGGGGGGNNCCANGTGNGGNGNNNCCGGGAAAAAGAANAAGGAGTTTGATCAAAAACGGGAGGGGAAAAATTGTAGCTCCGNCAAGGAATGGGGGTGGGGGGGGGAGTTAAATCCCCGCTGANTTGGAAGAATAGAATAGAGGGGGAAGAATTTTAGCTATTTAAGGAGGTGTC,CATTACCGAGTTCATGCCCTTACGGGTAGACCTCCCACCCTATGTTATCACTACCTTTGTTGCTTTGGCGGGCCGCCAGGCTTCGGTCAGGCTATCGGCTTCGGCTGGTAAGCGCCCGCCAGAGGACCCCAACATCCTGATTATTAGTGTCGTCTGAGTACTATGTAATAGTTAAAACTTTCAACAACGGATCTCTTGGTTCTGGCATCGATGAAGAACGCAGCGAAATGCGATAAGTAATGTGAATTGCAGAATTCAGTGAATCATCGAATCTTTGAACGCACATTGCGCCCCTTGGTATTCCGAGGGGCATGCCTGTTCGAGCGTCATTACAACCCTTCAAGCATTGCTTGGTGTTGGGCTCCGCTGCTCACCCAGCGGGCCTTAAAATCAGTGGCGGTGCCGTCGGGCCCTGAGCGCAGTAAATATCCTCGCTACAGGGACCCGGTGGACGCTGGCCATCAACCCCTCACTTTCTAAGTTTGACCTCGGATCAGGTAGGGATACCCGCTGAACTTAAGCT,0-33,556-732,523,nucleotide collection,2,99.04,591,GU205126.1,Pezizomycotina,,
E12,2SP-22,NNNNNNGNNTNNGTAGGTGACCTGCGGAGNGANNTTACCGAGTTCATGCCCTTACGGGTAGACCTCCCACCCTATGTTATCACTACCTTTGTTGCTTTGGCGGGCCGCCAGGCTTCGGTCAGGCTATCGGCTTCGGCTGGTAAGCGCCCGCCAGAGGACCCCAACATCCTGATTATTAGTGTCGTCTGAGTACTATGTAATAGTTAAAACTTTCAACAACGGATCTCTTGGTTCTGGCATCGATGAAGAACGCAGCGAAATGCGATAAGTAATGTGAATTGCAGAATTCAGTGAATCATCGAATCTTTGAACGCACATTGCGCCCCTTGGTATTCCGAGGGGCATGCCTGTTCGAGCGTCATTACAACCCTTCAAGCATTGCTTGGTGTTGGGCTCCGCTGCTCACCCAGCGGGCCTTAAAATCAGTGGCGGTGCCGTCGGGCCCTGAGCGCAGTAAATATCCTCGCTACAGGGACCCGGTGGACGCTGGCCATCAACCCCTCACTTTCTAAGTTTGACCTCGGATCAGGTAGGGATACCCGCTGAACTTAAGCTCANGGGGGGGNNCCANGTGNGGNGNNNCCGGGAAAAAGAANAAGGAGTTTGATCAAAAACGGGAGGGGAAAAATTGTAGCTCCGNCAAGGAATGGGGGTGGGGGGGGGAGTTAAATCCCCGCTGANTTGGAAGAATAGAATAGAGGGGGAAGAATTTTAGCTATTTAAGGAGGTGTC,CATTACCGAGTTCATGCCCTTACGGGTAGACCTCCCACCCTATGTTATCACTACCTTTGTTGCTTTGGCGGGCCGCCAGGCTTCGGTCAGGCTATCGGCTTCGGCTGGTAAGCGCCCGCCAGAGGACCCCAACATCCTGATTATTAGTGTCGTCTGAGTACTATGTAATAGTTAAAACTTTCAACAACGGATCTCTTGGTTCTGGCATCGATGAAGAACGCAGCGAAATGCGATAAGTAATGTGAATTGCAGAATTCAGTGAATCATCGAATCTTTGAACGCACATTGCGCCCCTTGGTATTCCGAGGGGCATGCCTGTTCGAGCGTCATTACAACCCTTCAAGCATTGCTTGGTGTTGGGCTCCGCTGCTCACCCAGCGGGCCTTAAAATCAGTGGCGGTGCCGTCGGGCCCTGAGCGCAGTAAATATCCTCGCTACAGGGACCCGGTGGACGCTGGCCATCAACCCCTCACTTTCTAAGTTTGACCTCGGATCAGGTAGGGATACCCGCTGAACTTAAGCT,0-33,556-732,523,nucleotide collection,9,97.7,539,FJ440902.1,Helotiales,,
,,,,,,,,,,,,,,
,,,,,,,,,,,,,,
,,,,,,,,,,,,,,
,,,,,,,,,,,,,,
,,,,,,,,,,,,,,
,,,,,,,,,,,,,,
,,,,,,,,,,,,,,
,,,,,,,,,,,,,,
,,,,,,,,,,,,,,
,,,,,,,,,,,,,,
,,,,,,,,,,,,,,
,,,,,,,,,,,,,,
,,,,,,,,,,,,,,
,,,,,,,,,,,,,,
,,,,,,,,,,,,,,
,,,,,,,,,,,,,,
,,,,,,,,,,,,,,
,,,,,,,,,,,,,,
,,,,,,,,,,,,,,
,,,,,,,,,,,,,,
,,,,,,,,,,,,,,
,,,,,,,,,,,,,,
,,,,,,,,,,,,,,
,,,,,,,,,,,,,,
,,,,,,,,,,,,,,
,,,,,,,,,,,,,,
,,,,,,,,,,,,,,
,,,,,,,,,,,,,,
,,,,,,,,,,,,,,
,,,,,,,,,,,,,,
,,,,,,,,,,,,,,
,,,,,,,,,,,,,,
,,,,,,,,,,,,,,
,,,,,,,,,,,,,,
,,,,,,,,,,,,,,
,,,,,,,,,,,,,,
,,,,,,,,,,,,,,
,,,,,,,,,,,,,,
,,,,,,,,,,,,,,
,,,,,,,,,,,,,,
,,,,,,,,,,,,,,
,,,,,,,,,,,,,,
,,,,,,,,,,,,,,
,,,,,,,,,,,,,,
,,,,,,,,,,,,,,
,,,,,,,,,,,,,,
,,,,,,,,,,,,,,
,,,,,,,,,,,,,,
,,,,,,,,,,,,,,
,,,,,,,,,,,,,,
,,,,,,,,,,,,,,
,,,,,,,,,,,,,,
,,,,,,,,,,,,,,
,,,,,,,,,,,,,,
,,,,,,,,,,,,,,
,,,,,,,,,,,,,,
,,,,,,,,,,,,,,
,,,,,,,,,,,,,,
,,,,,,,,,,,,,,
,,,,,,,,,,,,,,
,,,,,,,,,,,,,,
,,,,,,,,,,,,,,
,,,,,,,,,,,,,,
,,,,,,,,,,,,,,
,,,,,,,,,,,,,,
,,,,,,,,,,,,,,
,,,,,,,,,,,,,,
,,,,,,,,,,,,,,
,,,,,,,,,,,,,,
,,,,,,,,,,,,,,
,,,,,,,,,,,,,,
,,,,,,,,,,,,,,
,,,,,,,,,,,,,,
,,,,,,,,,,,,,,
,,,,,,,,,,,,,,
,,,,,,,,,,,,,,
,,,,,,,,,,,,,,
,,,,,,,,,,,,,,
,,,,,,,,,,,,,,
,,,,,,,,,,,,,,
,,,,,,,,,,,,,,
,,,,,,,,,,,,,,
,,,,,,,,,,,,,,
,,,,,,,,,,,,,,
,,,,,,,,,,,,,,
,,,,,,,,,,,,,,
,,,,,,,,,,,,,,
,,,,,,,,,,,,,,
,,,,,,,,,,,,,,
,,,,,,,,,,,,,,
,,,,,,,,,,,,,,
,,,,,,,,,,,,,,
,,,,,,,,,,,,,,
,,,,,,,,,,,,,,
,,,,,,,,,,,,,,
,,,,,,,,,,,,,,
,,,,,,,,,,,,,,
,,,,,,,,,,,,,,
,,,,,,,,,,,,,,
,,,,,,,,,,,,,,
,,,,,,,,,,,,,,
,,,,,,,,,,,,,,
,,,,,,,,,,,,,,
,,,,,,,,,,,,,,
,,,,,,,,,,,,,,
,,,,,,,,,,,,,,
,,,,,,,,,,,,,,
,,,,,,,,,,,,,,
,,,,,,,,,,,,,,
,,,,,,,,,,,,,,
,,,,,,,,,,,,,,
,,,,,,,,,,,,,,
,,,,,,,,,,,,,,
,,,,,,,,,,,,,,
,,,,,,,,,,,,,,
,,,,,,,,,,,,,,
,,,,,,,,,,,,,,
,,,,,,,,,,,,,,
,,,,,,,,,,,,,,
,,,,,,,,,,,,,,
,,,,,,,,,,,,,,
,,,,,,,,,,,,,,
,,,,,,,,,,,,,,
,,,,,,,,,,,,,,
,,,,,,,,,,,,,,
,,,,,,,,,,,,,,
,,,,,,,,,,,,,,
,,,,,,,,,,,,,,
,,,,,,,,,,,,,,
,,,,,,,,,,,,,,
,,,,,,,,,,,,,,
,,,,,,,,,,,,,,
,,,,,,,,,,,,,,
,,,,,,,,,,,,,,
,,,,,,,,,,,,,,
,,,,,,,,,,,,,,
,,,,,,,,,,,,,,
,,,,,,,,,,,,,,
,,,,,,,,,,,,,,
,,,,,,,,,,,,,,
,,,,,,,,,,,,,,
,,,,,,,,,,,,,,
,,,,,,,,,,,,,,
,,,,,,,,,,,,,,
,,,,,,,,,,,,,,
,,,,,,,,,,,,,,
,,,,,,,,,,,,,,
,,,,,,,,,,,,,,
,,,,,,,,,,,,,,
,,,,,,,,,,,,,,
,,,,,,,,,,,,,,
,,,,,,,,,,,,,,
,,,,,,,,,,,,,,
,,,,,,,,,,,,,,
,,,,,,,,,,,,,,
,,,,,,,,,,,,,,
,,,,,,,,,,,,,,
,,,,,,,,,,,,,,
,,,,,,,,,,,,,,
,,,,,,,,,,,,,,
,,,,,,,,,,,,,,
,,,,,,,,,,,,,,
,,,,,,,,,,,,,,
,,,,,,,,,,,,,,
,,,,,,,,,,,,,,
,,,,,,,,,,,,,,
,,,,,,,,,,,,,,
,,,,,,,,,,,,,,
,,,,,,,,,,,,,,
,,,,,,,,,,,,,,
,,,,,,,,,,,,,,
,,,,,,,,,,,,,,
,,,,,,,,,,,,,,
,,,,,,,,,,,,,,
,,,,,,,,,,,,,,
,,,,,,,,,,,,,,
,,,,,,,,,,,,,,
,,,,,,,,,,,,,,
,,,,,,,,,,,,,,
,,,,,,,,,,,,,,
,,,,,,,,,,,,,,
,,,,,,,,,,,,,,
,,,,,,,,,,,,,,
,,,,,,,,,,,,,,
,,,,,,,,,,,,,,
,,,,,,,,,,,,,,
,,,,,,,,,,,,,,
,,,,,,,,,,,,,,
,,,,,,,,,,,,,,
,,,,,,,,,,,,,,
,,,,,,,,,,,,,,
,,,,,,,,,,,,,,
,,,,,,,,,,,,,,
,,,,,,,,,,,,,,
,,,,,,,,,,,,,,
,,,,,,,,,,,,,,
,,,,,,,,,,,,,,
,,,,,,,,,,,,,,
,,,,,,,,,,,,,,
,,,,,,,,,,,,,,
,,,,,,,,,,,,,,
,,,,,,,,,,,,,,
,,,,,,,,,,,,,,
,,,,,,,,,,,,,,
,,,,,,,,,,,,,,
,,,,,,,,,,,,,,
,,,,,,,,,,,,,,
,,,,,,,,,,,,,,
,,,,,,,,,,,,,,
,,,,,,,,,,,,,,
,,,,,,,,,,,,,,
,,,,,,,,,,,,,,
,,,,,,,,,,,,,,
,,,,,,,,,,,,,,
,,,,,,,,,,,,,,
,,,,,,,,,,,,,,
,,,,,,,,,,,,,,
,,,,,,,,,,,,,,
,,,,,,,,,,,,,,
,,,,,,,,,,,,,,
,,,,,,,,,,,,,,
,,,,,,,,,,,,,,
,,,,,,,,,,,,,,
,,,,,,,,,,,,,,
,,,,,,,,,,,,,,
,,,,,,,,,,,,,,
,,,,,,,,,,,,,,
,,,,,,,,,,,,,,
,,,,,,,,,,,,,,
,,,,,,,,,,,,,,
,,,,,,,,,,,,,,
,,,,,,,,,,,,,,
,,,,,,,,,,,,,,
,,,,,,,,,,,,,,
,,,,,,,,,,,,,,
,,,,,,,,,,,,,,
,,,,,,,,,,,,,,
,,,,,,,,,,,,,,
,,,,,,,,,,,,,,
,,,,,,,,,,,,,,
,,,,,,,,,,,,,,
,,,,,,,,,,,,,,
,,,,,,,,,,,,,,
,,,,,,,,,,,,,,
,,,,,,,,,,,,,,
,,,,,,,,,,,,,,
,,,,,,,,,,,,,,
,,,,,,,,,,,,,,
,,,,,,,,,,,,,,
,,,,,,,,,,,,,,
,,,,,,,,,,,,,,
,,,,,,,,,,,,,,
,,,,,,,,,,,,,,
,,,,,,,,,,,,,,
,,,,,,,,,,,,,,
,,,,,,,,,,,,,,
,,,,,,,,,,,,,,
,,,,,,,,,,,,,,
,,,,,,,,,,,,,,
,,,,,,,,,,,,,,
,,,,,,,,,,,,,,
,,,,,,,,,,,,,,
,,,,,,,,,,,,,,
,,,,,,,,,,,,,,
,,,,,,,,,,,,,,
,,,,,,,,,,,,,,
,,,,,,,,,,,,,,
,,,,,,,,,,,,,,
,,,,,,,,,,,,,,
,,,,,,,,,,,,,,
,,,,,,,,,,,,,,
,,,,,,,,,,,,,,
,,,,,,,,,,,,,,
,,,,,,,,,,,,,,
,,,,,,,,,,,,,,
,,,,,,,,,,,,,,
,,,,,,,,,,,,,,
,,,,,,,,,,,,,,
,,,,,,,,,,,,,,
,,,,,,,,,,,,,,
,,,,,,,,,,,,,,
,,,,,,,,,,,,,,
,,,,,,,,,,,,,,
,,,,,,,,,,,,,,
,,,,,,,,,,,,,,
,,,,,,,,,,,,,,
,,,,,,,,,,,,,,
,,,,,,,,,,,,,,
,,,,,,,,,,,,,,
,,,,,,,,,,,,,,
,,,,,,,,,,,,,,
,,,,,,,,,,,,,,
,,,,,,,,,,,,,,
,,,,,,,,,,,,,,
,,,,,,,,,,,,,,
,,,,,,,,,,,,,,
,,,,,,,,,,,,,,
,,,,,,,,,,,,,,
,,,,,,,,,,,,,,
,,,,,,,,,,,,,,
,,,,,,,,,,,,,,
,,,,,,,,,,,,,,
,,,,,,,,,,,,,,
,,,,,,,,,,,,,,
,,,,,,,,,,,,,,
,,,,,,,,,,,,,,
,,,,,,,,,,,,,,
,,,,,,,,,,,,,,
,,,,,,,,,,,,,,
,,,,,,,,,,,,,,
,,,,,,,,,,,,,,
,,,,,,,,,,,,,,
,,,,,,,,,,,,,,
,,,,,,,,,,,,,,
,,,,,,,,,,,,,,
,,,,,,,,,,,,,,
,,,,,,,,,,,,,,
,,,,,,,,,,,,,,
,,,,,,,,,,,,,,
,,,,,,,,,,,,,,
,,,,,,,,,,,,,,
,,,,,,,,,,,,,,
,,,,,,,,,,,,,,
,,,,,,,,,,,,,,
,,,,,,,,,,,,,,
,,,,,,,,,,,,,,
,,,,,,,,,,,,,,
,,,,,,,,,,,,,,
,,,,,,,,,,,,,,
,,,,,,,,,,,,,,
,,,,,,,,,,,,,,
,,,,,,,,,,,,,,
,,,,,,,,,,,,,,
,,,,,,,,,,,,,,
,,,,,,,,,,,,,,
,,,,,,,,,,,,,,
,,,,,,,,,,,,,,
,,,,,,,,,,,,,,
,,,,,,,,,,,,,,
,,,,,,,,,,,,,,
,,,,,,,,,,,,,,
,,,,,,,,,,,,,,
,,,,,,,,,,,,,,
,,,,,,,,,,,,,,
,,,,,,,,,,,,,,
,,,,,,,,,,,,,,
,,,,,,,,,,,,,,
,,,,,,,,,,,,,,
,,,,,,,,,,,,,,
,,,,,,,,,,,,,,
,,,,,,,,,,,,,,
,,,,,,,,,,,,,,
,,,,,,,,,,,,,,
,,,,,,,,,,,,,,
,,,,,,,,,,,,,,
,,,,,,,,,,,,,,
,,,,,,,,,,,,,,
,,,,,,,,,,,,,,
,,,,,,,,,,,,,,
,,,,,,,,,,,,,,
,,,,,,,,,,,,,,
,,,,,,,,,,,,,,
,,,,,,,,,,,,,,
,,,,,,,,,,,,,,
,,,,,,,,,,,,,,
,,,,,,,,,,,,,,
,,,,,,,,,,,,,,
,,,,,,,,,,,,,,
,,,,,,,,,,,,,,
,,,,,,,,,,,,,,
,,,,,,,,,,,,,,
,,,,,,,,,,,,,,
,,,,,,,,,,,,,,
,,,,,,,,,,,,,,
,,,,,,,,,,,,,,
,,,,,,,,,,,,,,
,,,,,,,,,,,,,,
,,,,,,,,,,,,,,
,,,,,,,,,,,,,,
,,,,,,,,,,,,,,
,,,,,,,,,,,,,,
,,,,,,,,,,,,,,
,,,,,,,,,,,,,,
,,,,,,,,,,,,,,
,,,,,,,,,,,,,,
,,,,,,,,,,,,,,
,,,,,,,,,,,,,,
,,,,,,,,,,,,,,
,,,,,,,,,,,,,,
,,,,,,,,,,,,,,
,,,,,,,,,,,,,,
,,,,,,,,,,,,,,
,,,,,,,,,,,,,,
,,,,,,,,,,,,,,
,,,,,,,,,,,,,,
,,,,,,,,,,,,,,
,,,,,,,,,,,,,,
,,,,,,,,,,,,,,
,,,,,,,,,,,,,,
,,,,,,,,,,,,,,
,,,,,,,,,,,,,,
,,,,,,,,,,,,,,
,,,,,,,,,,,,,,
,,,,,,,,,,,,,,
,,,,,,,,,,,,,,
,,,,,,,,,,,,,,
,,,,,,,,,,,,,,
,,,,,,,,,,,,,,
,,,,,,,,,,,,,,
,,,,,,,,,,,,,,
,,,,,,,,,,,,,,
,,,,,,,,,,,,,,
,,,,,,,,,,,,,,
,,,,,,,,,,,,,,
,,,,,,,,,,,,,,
,,,,,,,,,,,,,,
,,,,,,,,,,,,,,
,,,,,,,,,,,,,,
,,,,,,,,,,,,,,
,,,,,,,,,,,,,,
,,,,,,,,,,,,,,
,,,,,,,,,,,,,,
,,,,,,,,,,,,,,
,,,,,,,,,,,,,,
,,,,,,,,,,,,,,
,,,,,,,,,,,,,,
,,,,,,,,,,,,,,
,,,,,,,,,,,,,,
,,,,,,,,,,,,,,
,,,,,,,,,,,,,,
,,,,,,,,,,,,,,
,,,,,,,,,,,,,,
,,,,,,,,,,,,,,
,,,,,,,,,,,,,,
,,,,,,,,,,,,,,
,,,,,,,,,,,,,,
,,,,,,,,,,,,,,
,,,,,,,,,,,,,,
,,,,,,,,,,,,,,
,,,,,,,,,,,,,,
,,,,,,,,,,,,,,
,,,,,,,,,,,,,,
,,,,,,,,,,,,,,
,,,,,,,,,,,,,,
,,,,,,,,,,,,,,
,,,,,,,,,,,,,,
,,,,,,,,,,,,,,
,,,,,,,,,,,,,,
,,,,,,,,,,,,,,
,,,,,,,,,,,,,,
,,,,,,,,,,,,,,
,,,,,,,,,,,,,,
,,,,,,,,,,,,,,
,,,,,,,,,,,,,,
,,,,,,,,,,,,,,
,,,,,,,,,,,,,,
,,,,,,,,,,,,,,
,,,,,,,,,,,,,,
,,,,,,,,,,,,,,
,,,,,,,,,,,,,,
,,,,,,,,,,,,,,
,,,,,,,,,,,,,,
,,,,,,,,,,,,,,
,,,,,,,,,,,,,,
,,,,,,,,,,,,,,
,,,,,,,,,,,,,,
,,,,,,,,,,,,,,
,,,,,,,,,,,,,,
,,,,,,,,,,,,,,
,,,,,,,,,,,,,,
,,,,,,,,,,,,,,
,,,,,,,,,,,,,,
,,,,,,,,,,,,,,
,,,,,,,,,,,,,,
,,,,,,,,,,,,,,
,,,,,,,,,,,,,,
,,,,,,,,,,,,,,
,,,,,,,,,,,,,,
,,,,,,,,,,,,,,
,,,,,,,,,,,,,,
,,,,,,,,,,,,,,
,,,,,,,,,,,,,,
,,,,,,,,,,,,,,
,,,,,,,,,,,,,,
,,,,,,,,,,,,,,
,,,,,,,,,,,,,,
,,,,,,,,,,,,,,
,,,,,,,,,,,,,,
,,,,,,,,,,,,,,
,,,,,,,,,,,,,,
,,,,,,,,,,,,,,
,,,,,,,,,,,,,,
,,,,,,,,,,,,,,
,,,,,,,,,,,,,,
,,,,,,,,,,,,,,
,,,,,,,,,,,,,,
,,,,,,,,,,,,,,
,,,,,,,,,,,,,,
,,,,,,,,,,,,,,
,,,,,,,,,,,,,,
,,,,,,,,,,,,,,
,,,,,,,,,,,,,,
,,,,,,,,,,,,,,
,,,,,,,,,,,,,,
,,,,,,,,,,,,,,
,,,,,,,,,,,,,,
,,,,,,,,,,,,,,
,,,,,,,,,,,,,,
,,,,,,,,,,,,,,
,,,,,,,,,,,,,,
,,,,,,,,,,,,,,
,,,,,,,,,,,,,,
,,,,,,,,,,,,,,
,,,,,,,,,,,,,,
,,,,,,,,,,,,,,
,,,,,,,,,,,,,,
,,,,,,,,,,,,,,
,,,,,,,,,,,,,,
,,,,,,,,,,,,,,
,,,,,,,,,,,,,,
,,,,,,,,,,,,,,
,,,,,,,,,,,,,,
,,,,,,,,,,,,,,
,,,,,,,,,,,,,,
,,,,,,,,,,,,,,
,,,,,,,,,,,,,,
,,,,,,,,,,,,,,
,,,,,,,,,,,,,,
,,,,,,,,,,,,,,
,,,,,,,,,,,,,,
,,,,,,,,,,,,,,
,,,,,,,,,,,,,,
,,,,,,,,,,,,,,
,,,,,,,,,,,,,,
,,,,,,,,,,,,,,
,,,,,,,,,,,,,,
,,,,,,,,,,,,,,
,,,,,,,,,,,,,,
,,,,,,,,,,,,,,
,,,,,,,,,,,,,,
,,,,,,,,,,,,,,
,,,,,,,,,,,,,,
,,,,,,,,,,,,,,
,,,,,,,,,,,,,,
,,,,,,,,,,,,,,
,,,,,,,,,,,,,,
,,,,,,,,,,,,,,
,,,,,,,,,,,,,,
,,,,,,,,,,,,,,
,,,,,,,,,,,,,,
,,,,,,,,,,,,,,
,,,,,,,,,,,,,,
,,,,,,,,,,,,,,
,,,,,,,,,,,,,,
,,,,,,,,,,,,,,
,,,,,,,,,,,,,,
,,,,,,,,,,,,,,
,,,,,,,,,,,,,,
,,,,,,,,,,,,,,
,,,,,,,,,,,,,,
,,,,,,,,,,,,,,
,,,,,,,,,,,,,,
,,,,,,,,,,,,,,
,,,,,,,,,,,,,,
,,,,,,,,,,,,,,
,,,,,,,,,,,,,,
,,,,,,,,,,,,,,
,,,,,,,,,,,,,,
,,,,,,,,,,,,,,
,,,,,,,,,,,,,,
,,,,,,,,,,,,,,
,,,,,,,,,,,,,,
,,,,,,,,,,,,,,
,,,,,,,,,,,,,,
,,,,,,,,,,,,,,
,,,,,,,,,,,,,,
,,,,,,,,,,,,,,
,,,,,,,,,,,,,,
,,,,,,,,,,,,,,
,,,,,,,,,,,,,,
,,,,,,,,,,,,,,
,,,,,,,,,,,,,,
,,,,,,,,,,,,,,
,,,,,,,,,,,,,,
,,,,,,,,,,,,,,
,,,,,,,,,,,,,,
,,,,,,,,,,,,,,
,,,,,,,,,,,,,,
,,,,,,,,,,,,,,
,,,,,,,,,,,,,,
,,,,,,,,,,,,,,
,,,,,,,,,,,,,,
,,,,,,,,,,,,,,
,,,,,,,,,,,,,,
,,,,,,,,,,,,,,
,,,,,,,,,,,,,,
,,,,,,,,,,,,,,
,,,,,,,,,,,,,,
,,,,,,,,,,,,,,
,,,,,,,,,,,,,,
,,,,,,,,,,,,,,
,,,,,,,,,,,,,,
,,,,,,,,,,,,,,
,,,,,,,,,,,,,,
,,,,,,,,,,,,,,
,,,,,,,,,,,,,,
,,,,,,,,,,,,,,
,,,,,,,,,,,,,,
,,,,,,,,,,,,,,
,,,,,,,,,,,,,,
,,,,,,,,,,,,,,
,,,,,,,,,,,,,,
,,,,,,,,,,,,,,
,,,,,,,,,,,,,,
,,,,,,,,,,,,,,
,,,,,,,,,,,,,,
,,,,,,,,,,,,,,
,,,,,,,,,,,,,,
,,,,,,,,,,,,,,
,,,,,,,,,,,,,,
,,,,,,,,,,,,,,
,,,,,,,,,,,,,,
,,,,,,,,,,,,,,
,,,,,,,,,,,,,,
,,,,,,,,,,,,,,
,,,,,,,,,,,,,,
,,,,,,,,,,,,,,
,,,,,,,,,,,,,,
,,,,,,,,,,,,,,
,,,,,,,,,,,,,,
,,,,,,,,,,,,,,
,,,,,,,,,,,,,,
,,,,,,,,,,,,,,
,,,,,,,,,,,,,,
,,,,,,,,,,,,,,
,,,,,,,,,,,,,,
,,,,,,,,,,,,,,
,,,,,,,,,,,,,,
,,,,,,,,,,,,,,
,,,,,,,,,,,,,,
,,,,,,,,,,,,,,
,,,,,,,,,,,,,,
,,,,,,,,,,,,,,
,,,,,,,,,,,,,,
,,,,,,,,,,,,,,
,,,,,,,,,,,,,,
,,,,,,,,,,,,,,
,,,,,,,,,,,,,,
,,,,,,,,,,,,,,
,,,,,,,,,,,,,,
,,,,,,,,,,,,,,
,,,,,,,,,,,,,,
,,,,,,,,,,,,,,
,,,,,,,,,,,,,,
,,,,,,,,,,,,,,
,,,,,,,,,,,,,,
,,,,,,,,,,,,,,
,,,,,,,,,,,,,,
,,,,,,,,,,,,,,
,,,,,,,,,,,,,,
,,,,,,,,,,,,,,
,,,,,,,,,,,,,,
,,,,,,,,,,,,,,
,,,,,,,,,,,,,,
,,,,,,,,,,,,,,
,,,,,,,,,,,,,,
,,,,,,,,,,,,,,
,,,,,,,,,,,,,,
,,,,,,,,,,,,,,
,,,,,,,,,,,,,,
,,,,,,,,,,,,,,
,,,,,,,,,,,,,,
,,,,,,,,,,,,,,
,,,,,,,,,,,,,,
,,,,,,,,,,,,,,
,,,,,,,,,,,,,,
,,,,,,,,,,,,,,
,,,,,,,,,,,,,,
,,,,,,,,,,,,,,
,,,,,,,,,,,,,,
,,,,,,,,,,,,,,
,,,,,,,,,,,,,,
,,,,,,,,,,,,,,
,,,,,,,,,,,,,,
,,,,,,,,,,,,,,
,,,,,,,,,,,,,,
,,,,,,,,,,,,,,
,,,,,,,,,,,,,,
,,,,,,,,,,,,,,
,,,,,,,,,,,,,,
,,,,,,,,,,,,,,
,,,,,,,,,,,,,,
,,,,,,,,,,,,,,
,,,,,,,,,,,,,,
,,,,,,,,,,,,,,
,,,,,,,,,,,,,,
,,,,,,,,,,,,,,
,,,,,,,,,,,,,,
,,,,,,,,,,,,,,
,,,,,,,,,,,,,,
,,,,,,,,,,,,,,
,,,,,,,,,,,,,,
,,,,,,,,,,,,,,
,,,,,,,,,,,,,,
,,,,,,,,,,,,,,
,,,,,,,,,,,,,,
,,,,,,,,,,,,,,
,,,,,,,,,,,,,,
,,,,,,,,,,,,,,
,,,,,,,,,,,,,,
,,,,,,,,,,,,,,
,,,,,,,,,,,,,,
,,,,,,,,,,,,,,
,,,,,,,,,,,,,,
,,,,,,,,,,,,,,
,,,,,,,,,,,,,,
,,,,,,,,,,,,,,
,,,,,,,,,,,,,,
,,,,,,,,,,,,,,
,,,,,,,,,,,,,,
,,,,,,,,,,,,,,
,,,,,,,,,,,,,,
,,,,,,,,,,,,,,
,,,,,,,,,,,,,,
,,,,,,,,,,,,,,
,,,,,,,,,,,,,,
,,,,,,,,,,,,,,
,,,,,,,,,,,,,,
,,,,,,,,,,,,,,
,,,,,,,,,,,,,,
,,,,,,,,,,,,,,
,,,,,,,,,,,,,,
,,,,,,,,,,,,,,
,,,,,,,,,,,,,,
,,,,,,,,,,,,,,
,,,,,,,,,,,,,,
,,,,,,,,,,,,,,
,,,,,,,,,,,,,,
,,,,,,,,,,,,,,
,,,,,,,,,,,,,,
,,,,,,,,,,,,,,
,,,,,,,,,,,,,,
,,,,,,,,,,,,,,
,,,,,,,,,,,,,,
,,,,,,,,,,,,,,
,,,,,,,,,,,,,,
,,,,,,,,,,,,,,
,,,,,,,,,,,,,,
,,,,,,,,,,,,,,
,,,,,,,,,,,,,,
,,,,,,,,,,,,,,
,,,,,,,,,,,,,,
,,,,,,,,,,,,,,
,,,,,,,,,,,,,,
,,,,,,,,,,,,,,
,,,,,,,,,,,,,,
,,,,,,,,,,,,,,
,,,,,,,,,,,,,,
,,,,,,,,,,,,,,
,,,,,,,,,,,,,,
,,,,,,,,,,,,,,
,,,,,,,,,,,,,,
,,,,,,,,,,,,,,
,,,,,,,,,,,,,,
,,,,,,,,,,,,,,
,,,,,,,,,,,,,,
,,,,,,,,,,,,,,
,,,,,,,,,,,,,,
,,,,,,,,,,,,,,
,,,,,,,,,,,,,,
,,,,,,,,,,,,,,
,,,,,,,,,,,,,,
,,,,,,,,,,,,,,
,,,,,,,,,,,,,,
,,,,,,,,,,,,,,
,,,,,,,,,,,,,,
,,,,,,,,,,,,,,
,,,,,,,,,,,,,,
,,,,,,,,,,,,,,
,,,,,,,,,,,,,,
,,,,,,,,,,,,,,
,,,,,,,,,,,,,,
,,,,,,,,,,,,,,
,,,,,,,,,,,,,,
,,,,,,,,,,,,,,
,,,,,,,,,,,,,,
,,,,,,,,,,,,,,
,,,,,,,,,,,,,,
,,,,,,,,,,,,,,
,,,,,,,,,,,,,,
,,,,,,,,,,,,,,
,,,,,,,,,,,,,,
,,,,,,,,,,,,,,
,,,,,,,,,,,,,,
,,,,,,,,,,,,,,
,,,,,,,,,,,,,,
,,,,,,,,,,,,,,
,,,,,,,,,,,,,,
,,,,,,,,,,,,,,
,,,,,,,,,,,,,,
