,X.x,tip.ID,harvest.wave,days.of.storge,field.picked.lab.picked,original.morphotype.class,color,swelling,branching,notes,mystery.morph.of.interest,mycorrhiza.confidence.,PCR.plate..,PCR.plate.column,PCR.plate.row,PCR.primers,Applification.Trial.1..1.low..2.average..3.high.interesting.,Sequencing,seqPlateLoc.x,seqPlateLoc.y,clean.sequence,Percent.ID,Accession,Scientific.name,sciName,Authors,Notes,Guild,GuildSource,ImageJ.location,Gel.Date,Row..1.2.,Area,comment
1,1,1-C-1,ST,1,F,Nu,,,,,,,1,1,A,dd,NA,NA,NA,NA,NA,NA,NA,NA,NA,NA,NA,NA,NA,1,4-Jul,1,30456.777,
2,2,1-C-2,ST,1,F,Fl,white,,,white is crustose around lateral root but not actually on tip,,low,1,1,B,dd,NA,NA,NA,NA,NA,NA,NA,NA,NA,NA,NA,NA,NA,3,4-Jul,1,17401.936,
3,3,1-C-3,ST,1,L,,light,whole lateral/branch,no,smooth,,high,1,1,C,dd,NA,1,F09,F09,CGCCTAACACCAACTTCTACCACCTGTGCACCTTCTGTAGACCTGGATAAACTCTCGAGGAAACTCGGTTTGAGGACTGCTGTGCGCAAGCCGGCTTTCCTTGTAATTCCGGTCTATGTTTTTATATATACCCCTACCAGTATGTCTCAGAATGTTTGTTGTTGGGCTTGAATGCCTTTAAACTTAATACAACTTTCAACAACGGATCTCTTGGCTCTCGCATCGATGAAGAACGCAGCGAAATGCGATAAGTAATGTGAATTGCAGAATTCAGTGAATCATCGAATCTTTGAACGCACCTTGCGCTCCTTGGTATTCCGAGGAGCATGCCTGTTTGAGTGTCATGAAATTCTCAACCTTTTCAACTTTTTCTGTTGATCAGGCTTGGATGTGGGAGTATGCGGGCTTCTCAGAAGTCGGCTCTCCT,100,MH517424.1,Tricholoma myomyces,Tricholoma,,,NA,NA,5,4-Jul,1,28189.291,
4,4,1-C-4,ST,1,L,,dark,,yes,,,,1,1,D,dd,1,NA,NA,NA,NA,NA,NA,NA,NA,NA,NA,NA,NA,7,4-Jul,1,6629.631,
5,5,1-C-5,ST,1,L,,dark,whole lateral/branch,no,"small nub, black hyphae extending",y,,1,1,E,dd,NA,NA,NA,NA,NA,NA,NA,NA,NA,NA,NA,NA,NA,9,4-Jul,1,29259.413,
6,6,1-C-6,ST,1,L,,dark,whole lateral/branch,no,"2 small nubs, black hyphae extending",y,,1,1,F,dd,NA,NA,NA,NA,NA,NA,NA,NA,NA,NA,NA,NA,NA,11,4-Jul,1,18625.593,
7,7,1-C-7,ST,1,L,,dark,whole lateral/branch,no,black hyphae extending,y,medium,1,1,G,dd,NA,1,G09,G09,CGCGGATCAAACCGCGAACTTCTAAACCTTTGACGATTGACTCATGTTGCCTCGGCGGGTTCTCCCGCCAGAGGATACATCAAAACTCCTGTTTTAACGGTGTTGTCTGAGCTACAAGCAACGAATCAAAACTTTCAACAACGGATCTCTTGGTTCTGGCATCGATGAAGAACGCAGCGAAATGCGATAAGTAGTGTGAATTGCAGAATTCAGTGAATCATCGAATCTTTGAACGCACATTGCGCCCCTTGGTATCCCGAGGGGCATGCCTGTTCGAGCGTCATTTCACCACTCAAGCCTGGCTTGGTGTTGGGCGACGTCCCCTTTAGGGACGCGCCTCGAAACGCTCGGCGGCGTGGCACCGGCTTTAAGCGTAGCAGAATCTTTCGCTTTGAAAGTCGGGGCCCCGTCTGCCGGAAGACCTACTCGCAAGGTTGACCTCGGATCAGGCAGGGATACCCGCTGAACTTAAGC,100,MH038069.1,Cenococcum geophilum,Cenococcum geophilum,"Hynson,N.A. and Bruns,T.D.",,NA,NA,13,4-Jul,1,34408.877,
8,8,1-C-8,ST,1,L,,dark,whole lateral/branch,no,same as 1C 7 but with more material,y,,1,1,H,dd,NA,NA,NA,NA,NA,NA,NA,NA,NA,NA,NA,NA,NA,15,4-Jul,1,20279.099,
9,9,2-C-1,ST,1,F,Match,"light (yellow, brown)",whole lateral/branch,yes,match- other piece of this in each storage treatment level,,high,1,2,A,dd,NA,1,H09,H09,CATTACCGAGTTCATGCCCTTACGGGTAGACCTCCCACCCTATGTTATCACTACCTTTGTTGCTTTGGCGGGCCGCCAGGCTTCGGTCAGGCTATCGGCTTCGGCTGGTAAGCGCCCGCCAGAGGACCCCAACATCCTGATTATTAGTGTCGTCTGAGTACTATGTAATAGTTAAAACTTTCAACAACGGATCTCTTGGTTCTGGCATCGATGAAGAACGCAGCGAAATGCGATAAGTAATGTGAATTGCAGAATTCAGTGAATCATCGAATCTTTGAACGCACATTGCGCCCCTTGGTATTCCGAGGGGCATGCCTGTTCGAGCGTCATTACAACCCTTCAAGCATTGCTTGGTGTTGGGCTCCGCTGCTCACCCAGCGGGCCTTAAAATCAGTGGCGGTGCCGTCGGGCCCTGAGCGCAGTAAATATCCTCGCTACAGGGACCCGGTGGACGCTGGCCATCAACCCCTCACTTTCTAAGTTTGACCTCGGATCAGGTAGGGATACCCGCTGAACTTAAGCAT,99.81,FJ440904.1,uncultured Hyaloscyphaceae,Hyaloscyphaceae,"Hynson,N.A. and Bruns,T.D.",seq. nearly identical to A10!,NA,NA,40,4-Jul,2,27384.513,
10,10,2-C-2,ST,1,F,,"light (yellow, brown)",whole lateral/branch,yes,,,high,1,2,B,dd,NA,NA,NA,NA,NA,NA,NA,NA,NA,NA,NA,NA,NA,4,4-Jul,1,28603.706,
11,11,2-C-3,ST,1,L,,"light center, dark tips",whole lateral/branch,yes,can see shadow of root within,,high,1,2,C,dd,NA,NA,NA,NA,NA,NA,NA,NA,NA,NA,NA,NA,NA,6,4-Jul,1,37172.475,
12,12,2-C-4,ST,1,L,,,,,smaller more inconspicuous knob,,,1,2,D,dd,NA,NA,NA,NA,NA,NA,NA,NA,NA,NA,NA,NA,NA,8,4-Jul,1,40517.647,
13,13,2-C-5,ST,1,L,,dark,end of tip,,,,,1,2,E,dd,NA,NA,NA,NA,NA,NA,NA,NA,NA,NA,NA,NA,NA,10,4-Jul,1,39600.818,
14,14,2-C-6,ST,1,L,,dark,,yes,,,,1,2,F,dd,NA,NA,NA,NA,NA,NA,NA,NA,NA,NA,NA,NA,NA,12,4-Jul,1,34828.161,
15,15,2-C-7,ST,1,L,,medium brown,,,nubby at end,,,1,2,G,dd,NA,NA,NA,NA,NA,NA,NA,NA,NA,NA,NA,NA,NA,14,4-Jul,1,36156.161,
16,16,2-C-8,ST,1,L,,"light , bright yellow/brown",at yellow tip,yes,"one side of the lateral root is bright yellow and swollen, on the other is brown and skinny",,high,1,2,H,dd,NA,1,A10,A10,TACCGAGTTCATGCCCTTACGGGTAGACCTCCCACCCTATGTTATCACTACCTTTGTTGCTTTGGCGGGCCGCCAGGCTTCGGTCAGGCTATCGGCTTCGGCTGGTAAGCGCCCGCCAGAGGACCCCAACATCCTGATTATTAGTGTCGTCTGAGTACTATGTAATAGTTAAAACTTTCAACAACGGATCTCTTGGTTCTGGCATCGATGAAGAACGCAGCGAAATGCGATAAGTAATGTGAATTGCAGAATTCAGTGAATCATCGAATCTTTGAACGCACATTGCGCCCCTTGGTATTCCGAGGGGCATGCCTGTTCGAGCGTCATTACAACCCTTCAAGCATTGCTTGGTGTTGGGCTCCGCTGCTCACCCAGCGGGCCTTAAAATCAGTGGCGGTGCCGTCGGGCCCTGAGCGCAGTAAATATCCTCGCTACAGGGACCCGGTGGACGCTGGCCATCAACCCCTCACTTTCTAAGTTTGACCTCGGATCAGGTAGGGATACCCGCTGAACTTAAGCA,99.81,FJ440904.1,uncultured Hyaloscyphaceae,Hyaloscyphaceae,"Hynson,N.A. and Bruns,T.D.",seq. nearly identical to H09,NA,NA,16,4-Jul,1,33088.191,
17,17,3-C-1,ST,1,L,,"dark, black",,no,3 C 1-4 are suspected from Manzanita roots; shriveledish,y,,1,3,A,dd,NA,NA,NA,NA,NA,NA,NA,NA,NA,NA,NA,NA,NA,17,4-Jul,1,25207.12,
18,18,3-C-2,ST,1,L,,black,,no,small black bump,y,,1,3,B,dd,NA,NA,NA,NA,NA,NA,NA,NA,NA,NA,NA,NA,NA,19,4-Jul,1,36699.655,
19,19,3-C-3,ST,1,L,,,,,long wide knob,,,1,3,C,dd,NA,NA,NA,NA,NA,NA,NA,NA,NA,NA,NA,NA,NA,21,4-Jul,1,24360.513,
20,20,3-C-4,ST,1,L,,black,,,long and skinny,y,,1,3,D,dd,NA,NA,NA,NA,NA,NA,NA,NA,NA,NA,NA,NA,NA,23,4-Jul,1,23867.392,
21,21,3-C-5,ST,1,L,,black,yes,yes,"3 C 5-8 are suspected from Pine roots, densely branched",y,high,1,3,E,dd,1,NA,NA,NA,NA,NA,NA,NA,NA,NA,NA,NA,NA,25,4-Jul,1,9121.137,
22,22,3-C-6,ST,1,L,,black,,,tiny black knob,y,medium,1,3,F,dd,NA,1,B10,B10,CGCATCTGTTCGGAAAGGGAGATATCATACACCCTATGTTTATTTACTTTTGTTGCTTTGGGGGGCCGTCCTTTTACACATCGGCCCTGGCTGATCGTGCCCGCCAGAGGACCTAAACTCTTCTATCAGTGATGTCTGAGTACTATATAATAGTTAAAACTTTCAACAACGGATCTCTTGGTTCTGGCATCGATGAAGAACGCAGCGAAATGCGATAAGTAATGTGAATTGCAGAATTCAGTGAATCATCTGAATCTTTGAACGCACATTGCGCCCGCTGGTATTCCGCCGGCCATGCCTGTTCGAGCGTCATTATGACCAATCAAGCTCTGCTTGGCTTTGGGGCCCGCTGTACCGGCGGCCCTTAAAATCAGTGGCGGTGCCGTCTGGCTCTAANCGTAGTAATACTTCTCGCTATAGGGTCCAGACGTCCACCCGCCAGAACCCTCAACTTTCTTAGGTTGACCTCGGATCA,98.11,MK131611.1,Helotiaceae sp. ,Helotiaceae,"Gray,L. and Kernaghan,G.",,NA,NA,27,4-Jul,1,30457.747,
23,23,3-C-7,ST,1,L,,dark brown/black,,yes,"tip is dark black, base is brown",,,1,3,G,dd,1,NA,NA,NA,NA,NA,NA,NA,NA,NA,NA,NA,NA,29,4-Jul,1,2714.225,
24,24,3-C-8,ST,1,L,,black,,,bit gnarled,y,,1,3,H,dd,NA,NA,NA,NA,NA,NA,NA,NA,NA,NA,NA,NA,NA,31,4-Jul,1,29617.312,
25,25,3-C-9,ST,NA,,,,,,,,,2,7,A,nd,NA,NA,NA,NA,NA,NA,NA,NA,NA,NA,NA,NA,NA,18,5-Jul,1,15165.149,
26,26,3-A-1,ST,4,L,,white,yes,,white tissue wrapped tightly around the root ,,high,1,8,A,dd,NA,1,G10,G10,GCACGCCTAACACCAACTTTCTTACCACCTGTGCACTTTTTGTAGACTTTGGAAAATACCTCTAGGTTTGAGGACTGTTGTGCGCAAGCCGGCTTTCCTTGCACTTTCCAGTCTATGTTTTATAATATACACCTATAGTATGTTTCAGAATGTCATTTAATGGGCTTAACTGCCTTTAATTACCATACAACTTTCAACAACGGATCTCTTGGCTCTCGCATCGATGAAGAACGCAGCGAAATGCGATAAGTAATGTGAATTGCAGAATTCAGTGAATCATCGAATCTTTGAACGCACCTTGCGCTCCTTGGTATTCCGAGGAGCATGCCTGTTTGAGTGTCATAAAATTCTCAACC,100,OR168827.1,Tricholoma frondosae,Tricholoma frondosae,Collected by Taylor Bright!!!,,NA,NA,33,4-Jul,1,34351.626,
27,27,3-A-2,ST,4,L,,black,,yes,"bent, branching; 1x spatialy adjacent to 3 A 1",,,1,8,B,dd,NA,NA,NA,NA,NA,NA,NA,NA,NA,NA,NA,NA,NA,35,4-Jul,1,28173.584,
28,28,3-A-3,ST,4,L,,black,yes,no,from lighter color root,,low,1,8,C,dd,NA,NA,NA,NA,NA,NA,NA,NA,NA,NA,NA,NA,NA,37,4-Jul,1,30195.484,
29,29,3-A-4,ST,4,L,,black,,yes,"blunt tip, small/skinny enough that reduces confidence is mycorrhiza",,low,1,8,D,dd,NA,NA,NA,NA,NA,NA,NA,NA,NA,NA,NA,NA,NA,39,4-Jul,1,25035.049,
30,30,3-A-5,ST,4,L,,,,,"rounded (ball-shaped) tip on thick, dark root",,,1,8,E,dd,NA,NA,NA,NA,NA,NA,NA,NA,NA,NA,NA,NA,NA,1,4-Jul,2,12504.037,
31,31,3-A-6,ST,4,L,,dark,,,"gnarled, dark root tip",,,1,8,F,dd,3,NA,NA,NA,NA,NA,NA,NA,NA,NA,NA,NA,NA,3,4-Jul,2,20506.291,
32,32,3-A-7,ST,4,L,,dark,,,dark nub off of a misshapen woody section of root,,,1,8,G,dd,NA,NA,NA,NA,NA,NA,NA,NA,NA,NA,NA,NA,NA,5,4-Jul,2,24702.484,
33,33,3-A-8,ST,4,L,,dark,,,"laterall root off red-brown main root, w/ red-brown lateral root across from it",,,1,8,H,dd,NA,NA,NA,NA,NA,NA,NA,NA,NA,NA,NA,NA,NA,7,4-Jul,2,14977.057,
34,34,3-A-9,ST,4,L,,medium-dark,,,lower nub from group fo nubs on light root,,,1,9,A,dd,NA,NA,NA,NA,NA,NA,NA,NA,NA,NA,NA,NA,NA,33,5-Jul,1,15518.329,
35,35,3-A-10,ST,4,L,,dark ,,,LOST! tube empty---off of light root tip,,,1,9,B,dd,NA,NA,NA,NA,NA,NA,NA,NA,NA,NA,NA,NA,NA,34,5-Jul,1,13858.037,
36,36,3-A-11,ST,4,L,,light,yes,,"big very light colored, swollen section with severed tips",,medium,1,9,C,dd,NA,1,H10,H10,TTGTCATCTTTATATCTCCACCTGTGCACCTTTTGTAGACCTTCTAGGTCTATGTTGCTTCATTTACCCCAATGTATGTTAATAGAATGTTGTGACTATATAATATATACAACTTTCAGCAACGGATCTCTTGGCTCTCGCATCGATGAAGAACGCAGCGAAATGCGATAAGTAATGTGAATTGCAGAATTCAGTGAATCATCGAATCTTTGAACGCACCTTGCGCTCCTTGGTATTCCGAGGAGCATGCCTGTTTGAGTGTCATTAATATATATATCAACCTTCTCTTGTTGAGTGGTTTGGATGTGGGGGTTTGCTGGCCTCTCAAAGGGTT,100,NR_131829.1,Cortinarus politus,Cortinarus politus,,,NA,NA,26,4-Jul,2,33261.028,
37,37,3-A-12,ST,4,L,,dark,,,"thick black part following reddish brown, skinny stalk root ",,,1,9,D,dd,NA,NA,NA,NA,NA,NA,NA,NA,NA,NA,NA,NA,NA,35,5-Jul,1,17285.978,
38,38,3-A-13,ST,4,L,,dark,,,3 A 3-4 are from the same Y shaped branch; knobby,,,1,9,E,dd,NA,1,A11,A11,CCCTGTGTTTATTTACCTTTGTTGCTTTGGCGGGCCGTTCTTTTAGACGTCGGCCTCGGCTGATCGTGCCCGCCAGAGGACCCAAACTCTTTTATCAGTGATGTCTGAGTATTATATAATAGTTAAAACTTTCAACAACGGATCTCTTGGTTCTGGCATCGATGAAGAACGCAGCGAAATGCGATAAGTAATGTGAATTGCAGAATTCAGTGAATCATCGAATCTTTGAACGCACATTGCGCCCGCTGGTATTCCGGCGGGCATGCCTGTTCGAGCGTCATTATGACCAATCAAGCTCTGCTTGGCTTTGGGGCCCGCTGTACCGGCGGCTCTTAAAATCAGTGGCGGTGCCGTCTGGCTCTAAGCGTAGTAATAATTCTCGCTATAGGGTTTATTCGTCCACCCGCCATAACCCCCAATTTTCTTAGGTTGACCTCGGAT,99.32,FJ475745.1,Uncultured Magnaporthaceae,Magnaporthaceae,,Collected from Sweden,NA,NA,36,5-Jul,1,13231.421,
39,39,3-A-14,ST,4,L,,white,,,"one side of two-species mycorrhiza??? long, smooth, white",,high,1,9,F,dd,NA,1,B11,B11,GTTGCTGGCCTTTCTATGGCATGTGCGGGCTTTCTTCTGGACTTTCGCCGTATGGGCGCGGGGCGACCCGCGTCTTCATGGACCTCTTCGTGTAGAAAGTCTTTGTATGTTATACTATCATTAAATCGCGACTTCTAGGAAATGCGAAACTTTTACAAAAAAGTTATTACAACTTTCAGCAACGGATCTCTTGGCTCTCGCATNGATGAATAACGCAGCGAATCGCGATATGTAATGTCA,90.79,KY462279.1,Suillus sp. ,Suillus,,,NA,NA,37,5-Jul,1,20721.413,
40,40,3-A-15,ST,4,L,,dark,,,"one side of two-species mycorrhiza??? short, lumpy lateral root",y,medium,1,9,G,dd,NA,NA,NA,NA,NA,NA,NA,NA,NA,NA,NA,NA,NA,38,5-Jul,1,14617.037,
41,41,3-A-16,ST,4,L,,black,,,"long, gnarled end of a fine root",y,,1,9,H,dd,NA,NA,NA,NA,NA,NA,NA,NA,NA,NA,NA,NA,NA,39,5-Jul,1,16711.664,
42,42,1-SL-1,ST,4,F,Fl,white/black,,,"marbled coloring, black hyphae extend",,,1,10,A,dd,NA,NA,NA,NA,NA,NA,NA,NA,NA,NA,NA,NA,NA,42,5-Jul,2,15038.593,
43,43,1-SL-2,ST,4,F,Nu,black,,,"gnarled, black hyphae extending **Did not dab dry prior to placing in buffer solution",,,1,10,B,dd,NA,NA,NA,NA,NA,NA,NA,NA,NA,NA,NA,NA,NA,44,5-Jul,2,20925.321,
44,44,1-SL-3,ST,4,F,Nu,black,yes,no,,,,1,10,C,dd,NA,NA,NA,NA,NA,NA,NA,NA,NA,NA,NA,NA,NA,46,5-Jul,2,10336.874,
45,45,1-SL-4,ST,4,F,Nu,black,yes,no,,,,1,10,D,dd,NA,NA,NA,NA,NA,NA,NA,NA,NA,NA,NA,NA,NA,48,5-Jul,2,3036.983,
46,46,1-SL-5,ST,4,F,Nu,black,,,"little nub, black hyphae",,,1,10,E,dd,NA,NA,NA,NA,NA,NA,NA,NA,NA,NA,NA,NA,NA,50,5-Jul,2,16916.563,
47,47,1-SL-6,ST,4,L,,black,yes,,"small, many black hyphae at base",,,1,10,F,dd,NA,NA,NA,NA,NA,NA,NA,NA,NA,NA,NA,NA,NA,52,5-Jul,2,21857.513,
48,48,1-SL-7,ST,4,L,,black,yes,,,,,1,10,G,dd,NA,NA,NA,NA,NA,NA,NA,NA,NA,NA,NA,NA,NA,54,5-Jul,2,20046.099,
49,49,1-SL-8,ST,4,L,,dark,,,"no hyphae, extruding tip, one of many",,,1,10,H,dd,NA,NA,NA,NA,NA,NA,NA,NA,NA,NA,NA,NA,NA,56,5-Jul,2,14863.25,
50,50,1-SL-9,ST,4,L,,dark,yes,,half moon shallow,,,1,11,A,dd,NA,NA,NA,NA,NA,NA,NA,NA,NA,NA,NA,NA,NA,63,5-Jul,2,21906.605,
51,51,1-SL-10,ST,4,L,,light/dark,,,tip seems to be emerging from dark hyphae coat,,,1,11,B,dd,NA,NA,NA,NA,NA,NA,NA,NA,NA,NA,NA,NA,NA,64,5-Jul,2,25531.434,
52,52,1-SL-11,ST,4,L,,medium darknes,,yes 1x,,,,1,11,C,dd,NA,NA,NA,NA,NA,NA,NA,NA,NA,NA,NA,NA,NA,65,5-Jul,2,14066.421,
53,53,1-SL-12,ST,4,L,,light,yes,,"smooth, lateral root",,medium,1,11,D,dd,NA,1,C11,C11,AAATGCGATAAGTAGTGTGAATTGCAGAATTCAGTGAATCATCGAATCTTTGAACGCACATTGCGCCCCTTGGTATCCCGAGGGGCATGCCTGTTCGAACGTCATTTCACCACTCAAGCCTGGCTTGGTGTTGGGCGACGTCCCCTTTAGGGACGCGCCTCGAAACGCTCGGCGGCGTGTCACCGGCTTTAAGCGTAGCAAAATCTTTCGCTTTGAAAGTCGGGGCCCCGTCTGCCGGAAGACCTACTCGCAAGGTTGACCTC,99.24,MH038096.1,Cenoccum geophilum,Cenoccum geophilum,,,NA,NA,28,4-Jul,2,33827.685,
54,54,1-SL-13,ST,4,L,,black,,,"rounded end, with black hyphae extending. 1 of 2 twist around each other",,medium,1,11,E,dd,NA,1,D11,D11,GCACCTTGCGCCCCTTGGCTATTCCGAGGGGCATGCCTGGTTGAGTATCATGAACACCTCAACTCTCATGGTTCGCCATGATGAGCTTGGACTTTGGGGGCTTTGCTGGCCTATGGTCAGCTCCTCTCAAACAAATCAGCCTGCCAGTGTTTGGTGGCATCACAGGTGTGATAACTATCTACG,99.45,JQ393136.1,uncultured Tomentella,Tomentella,"Kennedy,P.G., Smith,D.P., Horton,T.R. and Molina,R.J. ;; rRNA/ITS displayed many Tomentella sp. But none were local to CA (Finland, Vietman)",,NA,NA,66,5-Jul,2,12827.007,
55,55,2-SL-1,ST,6,F,,light,,,wide/flat  (1/2 saved for LT),,high,1,12,A,dd,NA,1,E11,E11,CCCCACCATCCTGATTATTAGTGTCGTCTGTGTACTATGTAATAGTTAAAACTTTCAACAACGGTTCTCTTGATTCTGGCATCGATGAAGAACGCACCGAGATGCGAGAAGTAATGCGAATTGCACAATTCAGTGAATCATCGGATCTTTGAACGCACATTGCGCCCCTTGATATACCGAGGGGCATGCCTGCGCGAGCGTCATTACAACCCTTCAAGCATTGCTTGCGGGTGCTGTCCGCTGCTCACCCAACCCTCCTTAAAATCANGGGATGTGCCGTCGGGCCCTGAGCG,90.1,GU184034.1,no match >92%ID,no good match,,Closest match: uncultured Pezizomycotina,NA,NA,34,4-Jul,1,30867.848,
56,56,2-SL-2,ST,6,F,,light,,yes,"long, skinny piece of branched mycorrhizae (1/2 saved for LT)",,medium,1,12,B,dd,NA,1,F11,F11,CCCACCCTATGTTATCACTACCTTTGTTGCTTTGGCGGGCCGCCAGGCTTCGGTCAGGCTATCGGCTTCGGCTGGTAAGCGCCCGCCAGAGGACCCCAACATCCTGATTATTAGTGTCGTCTGAGTACTATGTAATAGTTAAAACTTTCAACAACGGATCTCTTGGTTCTGGCATCGATGAAGAACGCAGCGAAATGCGATAAGTAATGTGAATTGCAGAATTCAGTGAATCATCGAATCTTTGAACGCACATTGCGCCCCTTGGTATTCCGAGGGGCATGCCTGTTCGAGCGTCATTACAACCCTTCAAGCATTGCTTGGTGTTGGGCTCCGCTGCTCACCCAGCGGGCCTTAAAATCAGTGGCGGTGCCGTCGGGCCCTGAGCGCAGTAAATATCCTCGCTACAGGGACCCGGTGGACGCTGGCCATCAACCCCTCACTTTCTAAGTTTGACCTCGGATCAGGTAGGGATACCC,99.79,FJ440904.1,Uncultured Hyaloscyphaceae,Hyaloscyphaceae,,,NA,NA,36,4-Jul,1,31622.212,
57,57,2-SL-3,ST,6,F,,light,,yes,base of flattended/branching mycorrhizae,,,1,12,C,dd,NA,NA,NA,NA,NA,NA,NA,NA,NA,NA,NA,NA,NA,38,4-Jul,1,40053.739,
58,58,2-SL-4,ST,6,F,Match,light,,,"MATCH ""turkey foot"" (3-pronged piece). Sections of same myccorhizae in A, C, SP treatments. Sectionof the SL piece saved for LT",,high,1,12,D,dd,NA,1,G11,G11,TTCGTGTGNTAAGCGCCCGCCCGAGGACCCCACTGTACTTCTAATTATTTACACATAGACCACTATGTAATAGTTAAAACTTGCAAATACGGTTCACTGGAATATGGCATCGATGAANAACGCAGAGAAANGCGATCTCGAATGTGAATTGAACGCTTCAAAGAATCATAGAATCTGTGAACGCACATAGCGCCCCTTGGTATTCCGAGGGGCATGCATGTGCGCCCCTTTTACAACCCTTCAAGCAT,78.71,GU205126.1,no match >92%ID,no good match,"McDonald,K.R., Pennell,J., Frank,J.L. and Southworth,D.",Closest match: uncultured Pezizomycotina; Clean sequence but low percent identity,NA,NA,40,4-Jul,1,40773.668,
59,59,2-SL-5,ST,6,F,,blackened,,,longer than it is wide,,high,1,12,E,dd,NA,NA,NA,NA,NA,NA,NA,NA,NA,NA,NA,NA,NA,2,4-Jul,2,24220.342,
60,60,2-SL-6,ST,6,F,,black,,,originaly sppear swollen but out shell fell off to revel tiny root nub. The nub and piece of the shell in tube,,,1,12,F,dd,NA,NA,NA,NA,NA,NA,NA,NA,NA,NA,NA,NA,NA,4,4-Jul,2,28136.434,
61,61,2-SL-7,ST,6,F,,black,,,"long, skinny, tip",,,1,12,G,dd,NA,NA,NA,NA,NA,NA,NA,NA,NA,NA,NA,NA,NA,6,4-Jul,2,36227.969,
62,62,2-SL-8,ST,6,F,,light,,,"little ""pan"" at the end of long skinny root",,,1,12,H,dd,NA,NA,NA,NA,NA,NA,NA,NA,NA,NA,NA,NA,NA,38,4-Jul,2,39780.726,
63,63,2-SL-9,ST,6,F,,light,,,"widens then tapers, rehydration increased confiendece in mycorrhizal tip",,high,2,7,B,nd,NA,NA,NA,NA,NA,NA,NA,NA,NA,NA,NA,NA,NA,20,5-Jul,1,16195.513,
64,64,3-SL-1,ST,6,L,,black,yes,,stark color difference between main root and tip--root very light in color,y,medium,2,1,A,dd,NA,1,H11,H11,CCATAACTATGTATCTTCTCTCGTGCACCTTTTGTAGTCTTTCAAAGAAGTGATAACTCCCCGCAGCAATGCGGGTTGGGGGACTTGGGCGTGAGCCCTTCCCCTGCTTTTGCTTTTTCTGAAGGGCTATGTTTTCATATACACTATAAAGTTACAGAATGTCTTTTAAAGATTGTGCTAGTCGCAGTCATTAAACCTATACAACTTTCAGCAACGGATCTCTTGGCTCTCCCATCGATGAAGAACGCAGCGAAATGC,98.45,OR939793.1,Mycena,Mycena,"sequence messy. Accession is from ""Mycena sp. isolate""",,NA,NA,9,4-Jul,2,25032.907,
65,65,3-SL-2,ST,6,L,,black,,,rounded at end,,,2,1,B,dd,NA,NA,NA,NA,NA,NA,NA,NA,NA,NA,NA,NA,NA,11,4-Jul,2,32968.078,
66,66,3-SL-3,ST,6,L,,black with white speckling,slightly,,not so swollen,,,2,1,C,dd,NA,NA,NA,NA,NA,NA,NA,NA,NA,NA,NA,NA,NA,13,4-Jul,2,29671.078,
67,67,3-SL-4,ST,6,L,,black,,,skinny,,,2,1,D,dd,NA,NA,NA,NA,NA,NA,NA,NA,NA,NA,NA,NA,NA,15,4-Jul,2,26809.714,
68,68,3-SL-5,ST,6,L,,black,yes,,,,medium,2,1,E,dd,NA,1,A12,A12,TTACCGTGGACTGACTACTATATAATAGATAATACTTTCATAAACGGTTCTCTTGGATCTGGCATAGTGGACTAACGCGCCGAAATGCGCTAAGCAATGTGAATTGCAGAATTCCTTGAATCATCGATTCTTTGAACGCACATTGCGCCCCTTGGTATTCCGAGGGGCATGCCTGTTCGAGCGTCATTACAACCCTCAAGCACTGCTTGGTATTGGGCTCCGCTGCTTATACAGCGCTGCTTGAAATTAGTGGCGGTGTCATTATGCCCTGATCGTATTAAATATCCTCGCTATAGGTACTTGAGGATTACTGTGCAGNAACCCCCACTTTCTAAGTTTGACCTCGGATCAGGTANGGATACCCGCTGAACTTAAGCGT,91.01,LC574727.1,no match >92%ID,no good match,,Closest match: Uncultured Helotiales,NA,NA,17,4-Jul,2,33291.534,
69,69,3-SL-6,ST,6,L,,black,,,skinny with rounded end,,,2,1,F,dd,NA,NA,NA,NA,NA,NA,NA,NA,NA,NA,NA,NA,NA,19,4-Jul,2,30199.484,
70,70,3-SL-7,ST,6,L,,black/white,yes,,,,,2,1,G,dd,NA,NA,NA,NA,NA,NA,NA,NA,NA,NA,NA,NA,NA,21,4-Jul,2,29579.342,
71,71,3-SL-8,ST,6,L,,yellow speckle,,,"likely root, looked cool with yellow speckling nearly covering root surface",,low low,2,1,H,dd,NA,NA,NA,NA,NA,NA,NA,NA,NA,NA,NA,NA,NA,23,4-Jul,2,28669.856,
72,72,3-SL-9,ST,6,L,,black,,,"curved, not swollen",,,2,2,A,dd,NA,NA,NA,NA,NA,NA,NA,NA,NA,NA,NA,NA,NA,10,4-Jul,2,17427.765,
73,73,3-SL-10,ST,6,L,,black,,,,,,2,2,B,dd,NA,NA,NA,NA,NA,NA,NA,NA,NA,NA,NA,NA,NA,12,4-Jul,2,21287.229,
74,74,3-SL-11,ST,6,L,,black,,,"short, stubby. but not swollen",,,2,2,C,dd,NA,NA,NA,NA,NA,NA,NA,NA,NA,NA,NA,NA,NA,14,4-Jul,2,28881.492,
75,75,3-SL-12,ST,6,L,,tiny black dots,,,either a sphere or the base of something longer,,,2,2,D,dd,NA,NA,NA,NA,NA,NA,NA,NA,NA,NA,NA,NA,NA,16,4-Jul,2,25022.442,
76,76,3-SL-13,ST,6,L,,black,,,rounded tip,,,2,2,E,dd,NA,NA,NA,NA,NA,NA,NA,NA,NA,NA,NA,NA,NA,18,4-Jul,2,35417.04,
77,77,3-SL-14,ST,6,L,,black,,,,,,2,2,F,dd,NA,NA,NA,NA,NA,NA,NA,NA,NA,NA,NA,NA,NA,20,4-Jul,2,32143.525,
78,78,3-SL-15,ST,6,L,,black,yes,,"""An Anomaly""; swollen black area with black hyphae protuding at the base of lateral roots and not the tip",y,medium,2,2,G,dd,NA,1,B12,B12,TAGTTTCGCGTCCTGCGNNCCCGGTGTTGGATCCCTCTACTCTGACGAATCNGTCTTCTGACAACGATTCTCTTGGTTCTGTTATCGATGAGGATCGCTTGGATATGCGATAAGTGAAGAAAATTGCAGAATTCNATAAATCATGTGATCTTTGANCGCACATTGCGCCCCTTGTTATCCCGAGGGGCTTGCCTGCCTTGGCGTTCTTTCACCACACAAGCCTGCGAGCNNGTTTATAGAAGTTCCCTTTTGGGTAGCGGCTCG,73.08,DQ474338.1,no match >81%ID,no good match,"Wright,S.H.A., Lim,S. and Berbee,M.L.",Closet match: Cenoccoum,NA,NA,22,4-Jul,2,23988.2,
79,79,3-SL-16,ST,6,L,,brown,,,rounded tip of lateral roots,,,2,2,H,dd,NA,NA,NA,NA,NA,NA,NA,NA,NA,NA,NA,NA,NA,24,4-Jul,2,40230.304,
80,80,1-A-1,ST,4,F,Nu,dark,,,"Swelling at tips ends, branching on some. High confidence on more swollen tips. Branching habit of 2 appear more rigid. ",,,1,4,A,dd,NA,NA,NA,NA,NA,NA,NA,NA,NA,NA,NA,NA,NA,57,5-Jul,2,15668.128,
81,81,1-A-2,ST,4,F,Nu,dark,,,Dark with white fluffly hyphae extedning ,,high,1,4,B,dd,NA,1,D10,D10,Noisy signal,0,,Noisy signal; no ID match,no match,,Noisy signal; no matches,NA,NA,31,4-Jul,2,25772.856,
82,82,1-A-3,ST,4,F,Nu,dark,,,,,,1,4,C,dd,NA,NA,NA,NA,NA,NA,NA,NA,NA,NA,NA,NA,NA,58,5-Jul,2,15385.986,
83,83,1-A-4,ST,4,F,Nu,dark,tip,yes,darker branch on #5,,low,1,4,D,dd,NA,NA,NA,NA,NA,NA,NA,NA,NA,NA,NA,NA,NA,59,5-Jul,2,15639.451,
84,84,1-A-5,ST,4,F,Nu,light (yellow),tip,yes,"came from X formed branch, transitioned from dark brown -> yellow, this is the yellow-most tip ",,low,1,4,E,dd,NA,1,C10,C10,Noisy signal,0,,Noisy signal; no ID match,no match,,"Noisy signal, no matches",NA,NA,30,4-Jul,2,30853.241,
85,85,1-A-6,ST,4,F,Fl,dark,,,"white and black crusting, tips are rounded",,,1,4,F,dd,NA,NA,NA,NA,NA,NA,NA,NA,NA,NA,NA,NA,NA,60,5-Jul,2,11961.229,
86,86,1-A-7,ST,4,F,Fl,dark,,,,,,1,4,G,dd,NA,NA,NA,NA,NA,NA,NA,NA,NA,NA,NA,NA,NA,61,5-Jul,2,14269.836,
87,87,1-A-8,ST,4,F,Fl,dark,,,,,,1,4,H,dd,NA,NA,NA,NA,NA,NA,NA,NA,NA,NA,NA,NA,NA,62,5-Jul,2,12996.886,
88,88,1-A-9,ST,4,L,,dark,,,"dark knobby tips amongst white fluff, indisceranble if this is EMF mycelium or another fungus; cannot be certain is EMF",,high,1,5,A,dd,NA,NA,NA,NA,NA,NA,NA,NA,NA,NA,NA,NA,NA,41,5-Jul,2,14565.3,
89,89,1-A-10,ST,4,L,,dark,,,,,high,1,5,B,dd,NA,NA,NA,NA,NA,NA,NA,NA,NA,NA,NA,NA,NA,43,5-Jul,2,13162.886,
90,90,1-A-11,ST,4,L,,dark,,,,,high,1,5,C,dd,NA,NA,NA,NA,NA,NA,NA,NA,NA,NA,NA,NA,NA,45,5-Jul,2,12403.057,
91,91,1-A-12,ST,4,F,Nu,,,,,,,1,5,D,dd,NA,NA,NA,NA,NA,NA,NA,NA,NA,NA,NA,NA,NA,47,5-Jul,2,7728.309,
92,92,1-A-13,ST,4,F,Nu,,,,,,,1,5,E,dd,NA,NA,NA,NA,NA,NA,NA,NA,NA,NA,NA,NA,NA,49,5-Jul,2,13096.229,
93,93,1-A-14,ST,4,F,Nu,,,,,,,1,5,F,dd,NA,NA,NA,NA,NA,NA,NA,NA,NA,NA,NA,NA,NA,51,5-Jul,2,14666.2,
94,94,1-A-15,ST,4,F,Nu,,,,,,,1,5,G,dd,NA,NA,NA,NA,NA,NA,NA,NA,NA,NA,NA,NA,NA,53,5-Jul,2,16120.22,
95,95,1-A-16,ST,4,F,Nu,,,,,,,1,5,H,dd,NA,NA,NA,NA,NA,NA,NA,NA,NA,NA,NA,NA,NA,55,5-Jul,2,13565.886,
96,96,2-A-1,ST,4,F,Match,,,,"""The Speck"" unable to view under microscope",,low,1,7,A,dd,NA,1,E10,E10,CGGGTAGACCTCCCACCCTATGTTATCACTACCTTTGTTGCTTTGGCGGGCCGCCAGGCTTCGGTCAGGCTATCGGCTTCGGCTGGTAAGCGCCCGCCAGAGGACCCCAACATCCTGATTATTAGTGTCGTCTGAGTACTATGTAATAGTTAAAACTTTCAACAACGGATCTCTTGGTTCTGGCATCGATGAAGAACGCAGCGAAATGCGATAAGTAATGTGAATTGCAGAATTCAGTGAATCATCGAATCTTTGAACGCACATTGCGCCCCTTGGTATTCCGAGGGGCATGCCTGTTCGAGCGTCATTACAACCCTTCAAGCATTGCTTGGTGTTGGGCTCCGCTGCTCACCCAGCGGGCCTTAAAATCAGTGGCGGTGCCGTCGGGCCCTGAGCGCAGTAAATATCCTCGCTACAGGGACCCGGTGGACGCTGGCCATCAACCCCTCACTTTCTAAGTTTGACCTCGGATCAGGTA,99.79,FJ440904.1,uncultured Hyaloscyphaceae,Hyaloscyphaceae,"Hynson,N.A. and Bruns,T.D.",,NA,NA,18,4-Jul,1,26701.927,
97,97,2-A-2,ST,4,,,,,,EMPTY? Else L,,,1,7,B,dd,NA,NA,NA,NA,NA,NA,NA,NA,NA,NA,NA,NA,NA,20,4-Jul,1,29194.685,
98,98,2-A-3,ST,4,L,,,,,"Overall roots much redder, observed far less mycorrhizal-looking tips; those that were seen ranged from white to dark ",,low,1,7,C,dd,NA,1,F10,F10,CTCAGCATGAATTTCAAAACCCATCTGTGTACCATACCTGTTGCTTCCGTGCTGCGCATGCAGTAAAGCGTGCCGCCAAGGTCAACTCTCCGAGCTTGGAGGGGGTCCCTGGTGTGTCGGCACGGAAGGTTTTACAGCAAACTCTTGTGTTTCAATGTCTTCTGTCTGAACTGTCATATACAATAAGTTAAAACTTTCAACAACGGATCTCTTGGTTCTCGCATCGATGAAGAACGCAGCGAAATGCGATAAGTAGTGTGAATTGCAGAATTCCGTGAATCATCGAATCTTTGAACGCACATTGCGCCTCCTGGTATTCCGGGAGGCATGCCTGTTCGAGCGTCATTAAAATCATATCATGCAATTTTGCATGGTCATGGAGGAAGCGTCCACCTGGTGTGGACTCCCCGCCGAAATGCAATGGCGGAAGGTCTCCGATACTCGGCGTAGTAGTAACGTTCGCTCTGTATCCGGAGTCATTCCTGCCGGCAAAACCCCCACAATTAT,98.02,EU726332.1,uncultured Tricharina,Tricharina," Hynes,M.M., Smith,M.E., Bledsoe,C.S. and Zasoski,R.J.",Acession from UC Davis; associated with Quercus and Pinus in CA woodland,NA,NA,22,4-Jul,1,29465.534,
99,99,2-A-4,ST,4,L,,,,,,,,1,7,D,dd,NA,NA,NA,NA,NA,NA,NA,NA,NA,NA,NA,NA,NA,24,4-Jul,1,25081.028,
100,100,2-A-5,ST,4,L,,,,,,,,1,7,E,dd,NA,NA,NA,NA,NA,NA,NA,NA,NA,NA,NA,NA,NA,26,4-Jul,1,16040.936,
101,101,2-A-6,ST,4,L,,,,,,,,1,7,F,dd,NA,NA,NA,NA,NA,NA,NA,NA,NA,NA,NA,NA,NA,28,4-Jul,1,32574.484,
102,102,2-A-7,ST,4,L,,,,,,,,1,7,G,dd,NA,NA,NA,NA,NA,NA,NA,NA,NA,NA,NA,NA,NA,30,4-Jul,1,32894.191,
103,103,2-A-8,ST,4,L,,,,,,,,1,7,H,dd,NA,NA,NA,NA,NA,NA,NA,NA,NA,NA,NA,NA,NA,32,4-Jul,1,25889.149,
104,104,2-A-12,ST,4,F,non-Match,darker orange/red,whole lateral/branches,yes,"More-likely root, curious swollen and branching habit ",,low,1,6,D,dd,NA,NA,NA,NA,NA,NA,NA,NA,NA,NA,NA,NA,NA,NA,NA,NA,NA,NA
105,105,2-A-13,ST,4,F,non-Match,,,,,,,1,6,E,dd,NA,NA,NA,NA,NA,NA,NA,NA,NA,NA,NA,NA,NA,NA,NA,NA,NA,NA
106,106,2-A-14,ST,4,F,non-Match,,,,,,,1,6,F,dd,NA,NA,NA,NA,NA,NA,NA,NA,NA,NA,NA,NA,NA,NA,NA,NA,NA,NA
107,107,2-A-15,ST,4,F,non-Match,,,,,,,1,6,G,dd,NA,NA,NA,NA,NA,NA,NA,NA,NA,NA,NA,NA,NA,NA,NA,NA,NA,NA
108,108,2-A-16,ST,4,F,non-Match,,,,,,,1,6,H,dd,NA,NA,NA,NA,NA,NA,NA,NA,NA,NA,NA,NA,NA,NA,NA,NA,NA,NA
109,109,1-SP-1,ST,6,L,,,,,Variety in color ranging from light yellow - dark brown. Often yellow tip at end is swollen more so than darker branch,,low,2,3,A,dd,NA,NA,NA,NA,NA,NA,NA,NA,NA,NA,NA,NA,NA,25,4-Jul,2,26905.028,
110,110,1-SP-2,ST,6,L,,,,,,,,2,3,B,dd,NA,NA,NA,NA,NA,NA,NA,NA,NA,NA,NA,NA,NA,27,4-Jul,2,31221.978,
111,111,1-SP-3,ST,6,L,,,,,,,low,2,3,C,dd,NA,1,C12,C12,TGAACTACAAACTACGAATTATAACTTTCGACAACGGATTTCTTGGTTCTGGCATCGATGAAAAACGCAGCGAAATGCGGGATTCGGTGAATTGCAGAATTCAATGAATCATCGAATGTTTGAACGCAAATTGCGCCCCTTGGTATCCCGAGGGGCATGCCtG,90.3,MT329604.1,no match >91% ID,no good match,"Garibay Orijel,R. and Rodriguez Gutierrez,I.",Closest match: Cenococcum geophilum,NA,NA,29,4-Jul,2,17815.057,
112,112,1-SP-4,ST,6,L,,,,,,,,2,3,D,dd,NA,NA,NA,NA,NA,NA,NA,NA,NA,NA,NA,NA,NA,67,5-Jul,2,19189.371,
113,113,1-SP-5,ST,6,L,,,,,,,,2,3,E,dd,NA,NA,NA,NA,NA,NA,NA,NA,NA,NA,NA,NA,NA,68,5-Jul,2,16921.614,
114,114,1-SP-6,ST,6,L,,,,,,,,2,3,F,dd,NA,NA,NA,NA,NA,NA,NA,NA,NA,NA,NA,NA,NA,69,5-Jul,2,13163.673,
115,115,1-SP-7,ST,6,L,,,,,,,,2,3,G,dd,NA,NA,NA,NA,NA,NA,NA,NA,NA,NA,NA,NA,NA,70,5-Jul,2,17735.522,
116,116,1-SP-8,ST,6,L,,,,,,,,2,3,H,dd,NA,NA,NA,NA,NA,NA,NA,NA,NA,NA,NA,NA,NA,71,5-Jul,2,15870.572,
117,117,1-SP-9,ST,6,F,,,,,"Mostly dark knobby tips, one fully yellow tip is semi-encrusted with uknown pale possible other fungus",,,2,4,A,dd,NA,NA,NA,NA,NA,NA,NA,NA,NA,NA,NA,NA,NA,1,5-Jul,1,8794.752,
118,118,1-SP-10,ST,6,F,,,,,,,,2,4,B,dd,NA,NA,NA,NA,NA,NA,NA,NA,NA,NA,NA,NA,NA,3,5-Jul,1,6039.217,
119,119,1-SP-11,ST,6,F,,,,,,,,2,4,C,dd,NA,NA,NA,NA,NA,NA,NA,NA,NA,NA,NA,NA,NA,5,5-Jul,1,11571.329,
120,120,1-SP-12,ST,6,F,,,,,,,,2,4,D,dd,NA,NA,NA,NA,NA,NA,NA,NA,NA,NA,NA,NA,NA,7,5-Jul,1,11896.815,
121,121,1-SP-13,ST,6,F,,,,,,,,2,4,E,dd,NA,NA,NA,NA,NA,NA,NA,NA,NA,NA,NA,NA,NA,9,5-Jul,1,13632.836,
122,122,1-SP-14,ST,6,F,,,,,,,,2,4,F,dd,NA,NA,NA,NA,NA,NA,NA,NA,NA,NA,NA,NA,NA,11,5-Jul,1,11051.815,
123,123,1-SP-15,ST,6,F,,,,,,,,2,4,G,nd,NA,NA,NA,NA,NA,NA,NA,NA,NA,NA,NA,NA,NA,13,5-Jul,1,16403.321,
124,124,1-SP-16,ST,6,F,,,,,,,,2,4,H,nd,NA,NA,NA,NA,NA,NA,NA,NA,NA,NA,NA,NA,NA,15,5-Jul,1,13092.572,
125,125,2-SP-1,ST,6,F,,,,,,,,2,5,A,nd,NA,NA,NA,NA,NA,NA,NA,NA,NA,NA,NA,NA,NA,2,5-Jul,1,17962.342,
126,126,2-SP-2,ST,6,F,,,,,,,,2,5,B,nd,NA,NA,NA,NA,NA,NA,NA,NA,NA,NA,NA,NA,NA,4,5-Jul,1,7167.267,
127,127,2-SP-3,ST,6,F,,,,,,,,2,5,C,nd,NA,NA,NA,NA,NA,NA,NA,NA,NA,NA,NA,NA,NA,6,5-Jul,1,16623.856,
128,128,2-SP-4,ST,6,F,,,,,,,,2,5,D,nd,NA,NA,NA,NA,NA,NA,NA,NA,NA,NA,NA,NA,NA,8,5-Jul,1,17933.856,
129,129,2-SP-5,ST,6,F,,,,,,,,2,5,E,nd,NA,NA,NA,NA,NA,NA,NA,NA,NA,NA,NA,NA,NA,10,5-Jul,1,13516.43,
130,130,2-SP-6,ST,6,F,,,,,,,,2,5,F,nd,NA,NA,NA,NA,NA,NA,NA,NA,NA,NA,NA,NA,NA,12,5-Jul,1,18107.806,
131,131,2-SP-7,ST,6,F,,,,,,,,2,5,G,nd,NA,NA,NA,NA,NA,NA,NA,NA,NA,NA,NA,NA,NA,14,5-Jul,1,12051.723,
132,132,2-SP-8,ST,6,F,Match,,,,,,high,2,5,H,nd,NA,1,D12,D12,CCTCAAACTGGGGGCATGTGCACGCTCTGTTCACACATCCACTCACACCTGTGCACCCTCCGTAGTTCTATGGTCTGGGGGACGCACCGTCCTCCTCCTGTAGTTCTATGTCTTTACACATACACCGTAGTGAAGTCTTATGGAATGTGCATCGCGTTTAACGCAATACAATACAACTTTCAGCAACGGATCTCTTGGCTCTCGCATCGATGAAGAACGCAGCGAAATGCGATAAGTAATGTGAATTGCAGAATTCAGTGAATCATCGAATCTTTGAACGCACCTTGCGCCCCTTGGCTATTCCGAGGGGCATGCCTGTTTGAGTATCATGAACACCTCAACTCTCATGGTTCGCCATGATGAGCTTGGACTTTGGGGGCTT,100,U92537.1,Tomentella sp. LT97,Tomentella,"Taylor,D.L. and Bruns,T.D.",,NA,NA,16,5-Jul,1,5364.196,Not enough
133,132,2-SP-8,ST,6,F,Match,,,,,,high,2,5,H,nd,NA,1,D12,D12,CCTCAAACTGGGGGCATGTGCACGCTCTGTTCACACATCCACTCACACCTGTGCACCCTCCGTAGTTCTATGGTCTGGGGGACGCACCGTCCTCCTCCTGTAGTTCTATGTCTTTACACATACACCGTAGTGAAGTCTTATGGAATGTGCATCGCGTTTAACGCAATACAATACAACTTTCAGCAACGGATCTCTTGGCTCTCGCATCGATGAAGAACGCAGCGAAATGCGATAAGTAATGTGAATTGCAGAATTCAGTGAATCATCGAATCTTTGAACGCACCTTGCGCCCCTTGGCTATTCCGAGGGGCATGCCTGTTTGAGTATCATGAACACCTCAACTCTCATGGTTCGCCATGATGAGCTTGGACTTTGGGGGCTT,100,U92537.1,Tomentella sp. LT97,Tomentella,"Taylor,D.L. and Bruns,T.D.",,NA,NA,32,4-Jul,2,35070.463,
134,133,2-SP-9,ST,6,L,,,,,,,,2,6,A,nd,NA,NA,NA,NA,NA,NA,NA,NA,NA,NA,NA,NA,NA,31,5-Jul,1,20515.957,
135,134,2-SP-10,ST,6,L,,,,,,,,2,6,B,nd,NA,NA,NA,NA,NA,NA,NA,NA,NA,NA,NA,NA,NA,29,5-Jul,1,17470.744,
136,135,2-SP-11,ST,6,L,,,,,,,,2,6,C,nd,NA,NA,NA,NA,NA,NA,NA,NA,NA,NA,NA,NA,NA,27,5-Jul,1,18859.806,
137,136,2-SP-12,ST,6,L,,,,,,,,2,6,D,nd,NA,NA,NA,NA,NA,NA,NA,NA,NA,NA,NA,NA,NA,25,5-Jul,1,2253.497,
138,137,2-SP-13,ST,6,L,,,,,,,,2,6,E,nd,NA,NA,NA,NA,NA,NA,NA,NA,NA,NA,NA,NA,NA,23,5-Jul,1,19579.057,
139,138,2-SP-14,ST,6,L,,,,,,,,2,6,F,nd,NA,NA,NA,NA,NA,NA,NA,NA,NA,NA,NA,NA,NA,21,5-Jul,1,10856.673,
140,139,2-SP-15,ST,6,L,,,,,,,,2,6,G,nd,NA,NA,NA,NA,NA,NA,NA,NA,NA,NA,NA,NA,NA,19,5-Jul,1,16365.271,
141,140,2-SP-16,ST,6,L,,,,,,,,2,6,H,nd,NA,NA,NA,NA,NA,NA,NA,NA,NA,NA,NA,NA,NA,17,5-Jul,1,12524.693,
142,141,2-SP-19,ST,6,L,,light (yellow),whole lateral/branch,yes,"From seedling. very branched, large swollen tips on thin sproutling roots",,high,2,7,C,nd,NA,1,E12,E12,AGACCTCCCACCCTATGTTATCACTACCTTTGTTGCTTTGGCGGGCCGCCAGGCTTCGGTCAGGCTATCGGCTTCGGCTGGTAAGCGCCCGCCAGAGGACCCCAACATCCTGATTATTAGTGTCGTCTGAGTACTATGTAATAGTTAAAACTTTCAACAACGGATCTCTTGGTTCTGGCATCGATGAAGAACGCAGCGAAATGCGATAAGTAATGTGAATTGCAGAATTCAGTGAATCATCGAATCTTTGAACGCACATTGCGCCCCTTGGTATTCCGAGGGGCATGCCTGTTCGAGCGTCATTACAACCCTTCAAGCATTGCTTGGTGTTGGGCTCCGCTGCTCACCCAGCGGGCCTTAAAATCAGTGGCGGTGCCGTCGGGCCCTGAGCGCAGTAAATATCCTCGCTACAGGGACCCGGTGGACGCTGGCCATCAACCCCTCACTTTCTAAGTTTGACCTCGGATCAGGTAGGGATACCCGCTGAACTTAA,99.8,FJ440904.1,unclultured Hyalosphyaceae,Hyaloscyphaceae,"Hynson,N.A. and Bruns,T.D.",BLAST re-done 26 July,NA,NA,22,5-Jul,1,1282.477,Not enough
143,141,2-SP-19,ST,6,L,,light (yellow),whole lateral/branch,yes,"From seedling. very branched, large swollen tips on thin sproutling roots",,high,2,7,C,nd,NA,1,E12,E12,AGACCTCCCACCCTATGTTATCACTACCTTTGTTGCTTTGGCGGGCCGCCAGGCTTCGGTCAGGCTATCGGCTTCGGCTGGTAAGCGCCCGCCAGAGGACCCCAACATCCTGATTATTAGTGTCGTCTGAGTACTATGTAATAGTTAAAACTTTCAACAACGGATCTCTTGGTTCTGGCATCGATGAAGAACGCAGCGAAATGCGATAAGTAATGTGAATTGCAGAATTCAGTGAATCATCGAATCTTTGAACGCACATTGCGCCCCTTGGTATTCCGAGGGGCATGCCTGTTCGAGCGTCATTACAACCCTTCAAGCATTGCTTGGTGTTGGGCTCCGCTGCTCACCCAGCGGGCCTTAAAATCAGTGGCGGTGCCGTCGGGCCCTGAGCGCAGTAAATATCCTCGCTACAGGGACCCGGTGGACGCTGGCCATCAACCCCTCACTTTCTAAGTTTGACCTCGGATCAGGTAGGGATACCCGCTGAACTTAA,99.8,FJ440904.1,unclultured Hyalosphyaceae,Hyaloscyphaceae,"Hynson,N.A. and Bruns,T.D.",BLAST re-done 26 July,NA,NA,34,4-Jul,2,33799.513,
144,142,2-SP-20,ST,6,L,,light (yellow),whole lateral/branch,yes,Seedling ID unknown,,high,2,7,D,nd,NA,NA,NA,NA,NA,NA,NA,NA,NA,NA,NA,NA,NA,24,5-Jul,1,16667.836,
145,NA,0-0-LADDER,ST,NA,NA,NA,NA,NA,NA,NA,NA,NA,NA,NA,NA,ladder,NA,NA,NA,NA,NA,NA,NA,NA,NA,NA,NA,NA,NA,36,4-Jul,2,20550.283,
146,NA,0-0-LADDER,ST,NA,NA,NA,NA,NA,NA,NA,NA,NA,NA,NA,NA,ladder,NA,NA,NA,NA,NA,NA,NA,NA,NA,NA,NA,NA,NA,8,4-Jul,2,9756.241,
147,NA,0-0-Pos control (Nate's ITS 1F),ST,NA,NA,NA,NA,NA,NA,NA,NA,NA,NA,NA,NA,nd,NA,NA,NA,NA,NA,NA,NA,NA,NA,NA,NA,NA,NA,33,4-Jul,2,42252.798,
148,NA,0-0-Neg control (Nate's ITS 1F),ST,NA,NA,NA,NA,NA,NA,NA,NA,NA,NA,NA,NA,nd,NA,NA,NA,NA,NA,NA,NA,NA,NA,NA,NA,NA,NA,35,4-Jul,2,206636.627,"""0""; Negligable value"
149,NA,0-0-Pos control (Dustin's ITS 1F),ST,NA,NA,NA,NA,NA,NA,NA,NA,NA,NA,NA,NA,dd,NA,NA,NA,NA,NA,NA,NA,NA,NA,NA,NA,NA,NA,37,4-Jul,2,41077.919,
150,NA,0-0-Pos control (Nate's ITS 1F),ST,NA,NA,NA,NA,NA,NA,NA,NA,NA,NA,NA,NA,nd,NA,NA,NA,NA,NA,NA,NA,NA,NA,NA,NA,NA,NA,26,5-Jul,1,24437.291,
151,NA,0-0-Neg control (Nate's ITS 1F),ST,NA,NA,NA,NA,NA,NA,NA,NA,NA,NA,NA,NA,nd,NA,NA,NA,NA,NA,NA,NA,NA,NA,NA,NA,NA,NA,28,5-Jul,1,240.192,"""0""; No inflextion point; very shallow curve"
152,NA,0-0-Pos control (Dustin's ITS 1F),ST,NA,NA,NA,NA,NA,NA,NA,NA,NA,NA,NA,NA,dd,NA,NA,NA,NA,NA,NA,NA,NA,NA,NA,NA,NA,NA,30,5-Jul,1,22279.179,
153,NA,0-0-Neg control (Dustin's ITS 1F),ST,NA,NA,NA,NA,NA,NA,NA,NA,NA,NA,NA,NA,dd,NA,NA,NA,NA,NA,NA,NA,NA,NA,NA,NA,NA,NA,32,5-Jul,1,0,
154,NA,0-0-LADDER,ST,NA,NA,NA,NA,NA,NA,NA,NA,NA,NA,NA,NA,ladder,NA,NA,NA,NA,NA,NA,NA,NA,NA,NA,NA,NA,NA,40,5-Jul,1,3290.489,
155,NA,0-0-LADDER,ST,NA,NA,NA,NA,NA,NA,NA,NA,NA,NA,NA,NA,ladder,NA,NA,NA,NA,NA,NA,NA,NA,NA,NA,NA,NA,NA,72,5-Jul,2,19445.588,
156,NA,0-0-LADDER,ST,NA,NA,NA,NA,NA,NA,NA,NA,NA,NA,NA,NA,ladder,NA,NA,NA,NA,NA,NA,NA,NA,NA,NA,NA,NA,NA,2,4-Jul,1,791.163,
157,NA,0-0-Neg control (Dustin's ITS 1F),ST,NA,NA,NA,NA,NA,NA,NA,NA,NA,NA,NA,NA,dd,NA,NA,NA,NA,NA,NA,NA,NA,NA,NA,NA,NA,NA,39,4-Jul,2,0,
